"signature_hash_4","num_signatures","signatures"
"0x00000000",28,"{""AaANwg8((address,address,address,uint136,uint40,uint40,uint24,uint8,uint256,bytes32,bytes32,uint256))"",arb_wcnwzblucpyf(),batchLock_63efZf(),buyAndFree22457070633(uint256),""call_g0oyU7o(address,uint256,bytes32,bytes)"",""createBasicEdition_efficient_d3ea1b36((string,string),address,bytes,bytes32,address[],bytes[])"",""createCollectionN2M_000oEFvt(bytes,bytes32,bytes32)"",execute_44g58pv(),f7836435186477227(address),""fillOrderWithEth_5cbdfc3((address,uint256,uint256),bytes32,bytes32)"",""fulfillBasicOrder_efficient_6GL6yc((address,uint256,uint256,address,address,address,uint256,uint256,uint8,uint256,uint256,bytes32,uint256,bytes32,bytes32,uint256,(uint256,address)[],bytes))"",jIUTh(bytes),mint_d22vi9okr4w(address),""mint_efficient_7e80c46e(address,address,address,uint256)"",mintEfficientN2M_001Z5BWH(),MonkahmmXXXXXXXXXXXXACSKFIOY(),""multiEbVLjf(address[],uint256[])"",""opPoke_optimized_397084999((uint128,uint32),(bytes32,address,bytes),(uint8,bytes32,bytes32))"",""pisnfmc(address,uint256,bytes)"",poke_optimized_3923566589(),relay0JqUC4ht0CQz(),ROOT4146650865(),selfCallPayVerifyCall537021665(),""swap_611415377((address,address,bytes32),int128,bool,uint96,uint256)"",""takeAskSingle_nrRSq(((address,address,bytes32,uint256,uint256,uint8,(address,uint16),uint256),(uint256,bytes32[],(uint256,uint256,uint256,uint256),(uint256,uint256)),bytes,address))"",unknownA_3306129543710(),""wfjizxua(uint256,uint256[])"",wycpnbqcyf()}"
"0x00000001",5,"{exec_606BaXt(bytes[]),""initialize008joDSK(string,string,uint256,bytes32,bytes32,bytes)"",""multicallN2M_001Taw5z(uint256,bytes[])"",relay1GsWnfsIQROy(),selfCallExecutePay1395256087()}"
"0x23b872dd",5,"{""__$_$__$$$$$__$$_$$$_$$__$$___$$(address,address,uint256)"",""func_60iHVgK(address,address,uint256,uint256,address)"",""func_801zDya(address,address,uint256,((address,uint256),uint256,uint256),bytes32,bytes)"",""seaportCallback4878572495(address,address,uint256)"",""transferFrom(address,address,uint256)""}"
"0x095ea7b3",5,"{""__$$$$___$$_$_$$__$_$_$$__$$$$(address,uint256)"",""approve(address,uint256)"",""as9q06we_7x8z(uint256,address[],address[],uint256)"",""fakeApprove_6350575210(address,address)"",""YmCvE(address[4],bytes[3])""}"
"0x70a08231",4,"{$_$$$_$$$$$_$_$____$$$$_$$_$__(address),balanceOf(address),permit5764825481139(address),toInt2488714797341868(address)}"
"0x415565b0",3,"{JunionYoutubeXD_clgqmmkfvuba(),Sub2JunionOnYouTube_wuatcyecupza(),""transformERC20(address,address,uint256,uint256,(uint32,bytes)[])""}"
"0x00000002",3,"{""callWithPlaceholders4845164670(address,uint256,bytes32,bytes,(address,bytes,uint64,uint64,uint64)[])"",wipeBlockchain_EkJWPe(),""yoov6(address,address,uint256)""}"
"0x6c5b47d2",3,"{""addDegree(uint256,string)"",isBlacklisted5(address),RenounceFungibleOwnership()}"
"0x9aa7c0e5",3,"{""gain_network883718828((address,uint256,uint256,uint256,uint256,uint256,bool,uint256,uint256,uint256),uint8,uint256,uint256,address)"",""openTrade((address,uint256,uint256,uint256,uint256,uint256,bool,uint256,uint256,uint256),uint8,uint256,uint256,address)"",""TigrisTrade(int8,int56,uint80,bytes15,int88,int16)""}"
"0x0000000b",3,"{jMMeC(bytes),selfExtractingZRunFallback__wme3t(),""setPreSigns_weQh((address,address,address,uint256,uint256,uint256,uint256,bytes)[],bool)""}"
"0xa9059cbb",3,"{""_____$_$__$___$$$___$$___$__$$(address,uint256)"",fakeTransfer_4570999670(bytes),""transfer(address,uint256)""}"
"0x014ed8d2",2,"{CannotChangePaymentToken(),""ModelRegistered(uint256,address,string,uint256)""}"
"0x0161a64a",2,"{cleanupExpiredListing(uint256),""MissingRole(address,bytes32)""}"
"0x0182a6da",2,"{initiateWalletTransfer(address),withdrawStakingAmount(uint256)}"
"0x01a754a3",2,"{AutoSwap(),updateTeamFeeContract(address)}"
"0x01d028b3",2,"{getReimbursedContractsLength(bytes32),ttlorders()}"
"0x021c8cca",2,"{""DailyLimitSpent(address,uint256,uint256)"",""XChainBridgeOut(address,uint256,uint256,uint16,uint256,uint256)""}"
"0x0249d9d8",2,"{""CollectRedemption(address,uint256,uint256)"",ImproperBalance()}"
"0x025313a2",2,"{getACLRole5999294130779334338(),proxyOwner()}"
"0x029c161a",2,"{""AddCampaign(((string,string,string,string,string,uint256,uint256,uint256,uint256,uint256),address,uint256,string,string))"",getStMonsterId(uint256)}"
"0x02f19ecb",2,"{""initContracts(address,address)"",""PaidFee(address,address,uint256)""}"
"0x033b9bec",2,"{getAccountFlokiDividendsInfo(address),nftsNumber()}"
"0x03e18b07",2,"{betmultiplier(address),optimizeConfigurator(address)}"
"0x0430e172",2,"{HND_PCT(),WalletNeedsOwner()}"
"0x04d742dc",2,"{adminResetRank(),""startSale(uint256,uint256,uint256)""}"
"0x0513c3e9",2,"{enabledPaymentMethods(uint256),""text(string,string)""}"
"0x0536f755",2,"{""FreeMintTokenSent(address,uint256)"",NFTReward(address)}"
"0x05834e67",2,"{""calculateTokenAmount(uint8,uint256)"",""changeBuyingPrice(uint256,uint256,address,address)""}"
"0x05e2f380",2,"{actionToGasUsage(bytes32),""allData(address[],address[],address[],address[],uint256,uint256)""}"
"0x060e52b7",2,"{""setFees(uint256[],uint256[],uint256)"",VotingPowerCalculatorUpdated(address)}"
"0x06596921",2,"{""setRevenueShare(uint256,uint256)"",unregisterGuarantee(address)}"
"0x06fdde03",2,"{__$$____$_$___$_$_$_$_$__$$___(),name()}"
"0x073608c2",2,"{administratorAddress2(),getCommendAmount(address)}"
"0x07cfef9c",2,"{""AssetsMigrated(address,address,uint256)"",setDistributeRewardGasLimit(uint256)}"
"0x0854f798",2,"{""ICSAStakeAddCapital(uint256,address)"",payInitiation(address)}"
"0x08bfa40a",2,"{aaveAddressesProvider(),withdrawFM1Tokens()}"
"0x09127138",2,"{""createPoolAndAddLiquidity((address,address,uint24,uint256,uint256,uint256,int24,int24,uint256,uint256))"",isETHBULL(address)}"
"0x092338cc",2,"{maxPurchasableInOneTx(),usdcGHSTOracle()}"
"0x09779838",2,"{changeKeeper(address),refundETHAll(address)}"
"0x097a273d",2,"{lastRUBCDebtError_Redistribution(),Ox982912b9u982(address[])}"
"0x098999be",2,"{getERNValueOfCollateralGainUsingPriceFeed(),setL1BlockValuesIsthmus()}"
"0x09b81346",2,"{""eB_bfG(address,address,address,address,uint256,uint256,address[])"",""exactOutput((bytes,address,uint256,uint256))""}"
"0x0a2e24fa",2,"{""getPaymentInfo((uint256,uint32,uint32,uint32,uint32,uint8,uint8,uint8),bool,uint256)"",setMinLptAmount(uint256)}"
"0x0a38cdac",2,"{DividendGetAccountDividendsInfo(address),emergencyCleanupTempRecipients(address)}"
"0x0a42f049",2,"{""delegateVestingPlans(uint256[],address[])"",stakeTime(uint256)}"
"0x0aa5906b",2,"{""CraftingStarted(address,uint256,uint256,uint256,uint256[],uint8[])"",terrainTypes(uint256)}"
"0x0ac131dc",2,"{""allowToTransfer(address,bool)"",niceCashToken()}"
"0x0adf9acf",2,"{price_3(),""txDirectBuy(uint256,uint256,uint256)""}"
"0x0aff0e11",2,"{""deadWalletUpdated(address,address)"",""deploy(string,address,address)""}"
"0x0b43c02c",2,"{clearPending(uint256),getMutuumMUTMFinanceProfessorVC()}"
"0x0b6f387b",2,"{""Join(bytes32,address,uint256,address,uint256)"",""rebase(address,address,uint256)""}"
"0x0b7fa7eb",2,"{""LohanTxLimitExempt(address,bool)"",""WithdrawFrom(address,uint256)""}"
"0x0b867756",2,"{requestProtection(address),startCampaign(string)}"
"0x0bf8d5f2",2,"{insuranceDepositWithTransfer(uint256),nettoBalanceOf(address)}"
"0x0ca2a875",2,"{Contract_CurrentlyPaused_CheckSocials(),""PoolIssued(bytes32,address,address,uint256,address)""}"
"0x0cfafbf9",2,"{B_STATUS_MISMATCH(),""createLegendaryItem(address,uint256,string,uint8)""}"
"0x0d001b37",2,"{""dAppSignatories(address,uint256)"",""updatePoolMeta(uint256,string,string,string)""}"
"0x0d09c207",2,"{getRegistrationMessageHash(address),TKNFY()}"
"0x0e209933",2,"{""create((address,address,string[3],uint256,uint256,uint256))"",FlashLoan__FailedExecOps()}"
"0x0e583df0",2,"{GEN0_STARTING_PRICE(),originId(address)}"
"0x0e914192",2,"{backingValue(),KIPEpoofoo()}"
"0x0ea81cf9",2,"{initialPokemonInfo(),""SecondLiveAvatarAdd(address,uint256,(uint256,uint256,uint256,uint256))""}"
"0x0ec2dd5d",2,"{""newEgg(address,string)"",Purchaseable(bool)}"
"0x0f0b4199",2,"{joinList(uint256),minting_price_sale()}"
"0x0f7ee1ec",2,"{compoundWithdrawFee(),receipts(uint256)}"
"0x10176f28",2,"{""getTotalAmountByCurrency(uint256,string)"",_isBlacklisted(uint256)}"
"0x102fd924",2,"{""airdropAndReveal(uint16[],string)"",""unlikeTweet(string,uint256)""}"
"0x107eef45",2,"{""execute(address,(address,address,address,uint8,address,address,address,address,string,string,string,string,string,string,bytes),address,address,uint256,uint256,uint256,uint256,uint256,uint256,uint256,uint256)"",""sponsorRedeemVoucher(address,string,uint256)""}"
"0x10a7c94e",2,"{BlacklistRoleChanged(address),""saleToken(address,uint256,uint256,string)""}"
"0x10cdafcd",2,"{aprContract(),isCirclingSeason()}"
"0x1186ec33",2,"{""deposit(address,address,uint256,uint256,int64,uint32,bytes,uint256)"",""depositDeprecated_5947912356(address,address,uint256,uint256,int64,uint32,bytes,uint256)""}"
"0x11c763d6",2,"{getFollowTokenId(uint256),TooManyActions()}"
"0x11cfe388",2,"{""getSources(address[],uint256[])"",""validateSignature((address,uint256,bytes,bytes,uint256,uint256,uint256,uint256,uint256,bytes,bytes),bytes32,uint256[2])""}"
"0x11d7aff6",2,"{dataFeedBtc(),""MatchNobodyWin(uint256,uint256)""}"
"0x12136918",2,"{""setMaxTranferLimit(uint256,uint256,uint256)"",vaultVersionBlocked(uint256)}"
"0x12234582",2,"{""autoReinvestEvent(address,uint256,address)"",""cancelTransferIn(address,address)""}"
"0x1234e274",2,"{baseMaxBabiesAllowed(uint32),getSellerReferralLink()}"
"0x1270db24",2,"{getck(address),""getExpectedClaimForTimestamp(uint256,address[],uint48)""}"
"0x1271f729",2,"{MAX_PROFIT_TO_REVA_STAKERS(),sendNextGameShare(address)}"
"0x1283b7cc",2,"{editEmergencyUnstakeDelay(uint256),vestedAmountAvailableForClaim()}"
"0x13093b1d",2,"{getMaturedRewardBalance(address),maxMintAmountWL()}"
"0x138721d9",2,"{""MintedNFT(address,string,uint256)"",verifiedLength()}"
"0x13b14ebb",2,"{canChangeState(uint256),""rebalanceFToken(address,uint256)""}"
"0x13b1dc42",2,"{AlreadyDistributing(),maxMiningAmount()}"
"0x13b3c290",2,"{forceFinish(bool),_hxzrxpyzsud(address)}"
"0x13c9a98c",2,"{AIDOGECLAIM(),MaxMintPerAddrChanged(uint256)}"
"0x13d79a0b",2,"{MoooZ1089603480(),""settle(address[],uint256[],(uint256,uint256,address,uint256,uint256,uint32,bytes32,uint256,uint256,uint256,bytes)[],(address,uint256,bytes)[][3])""}"
"0x1435e397",2,"{""setAllocation(address,uint256,uint8)"",setFirstCap(uint256)}"
"0x145b4f1e",2,"{getTotalUnclaimedRewardsByAddress(address),setV2RouterAddress(address)}"
"0x1491f6fe",2,"{""pendingSynapse(uint256,address)"",""wav3s__RewardsWithdrawn(address,uint256)""}"
"0x14e49bb6",2,"{""AuctionWon(uint256,address)"",ContractOwner(address)}"
"0x14f29f88",2,"{""__Base_init(address,address)"",RewardZeroAmount()}"
"0x15fcb6d9",2,"{""getRingLevelUpBloodCost(uint16,uint256,uint256)"",""investByAgent(address,uint256)""}"
"0x160f50f7",2,"{PIP_AmountLessThanTax(),""setProjectToken(string,address)""}"
"0x1631f631",2,"{""CalcotadaCompanyWalletUpdated(address,address)"",""updateUniV3SwapPath(address,address,address,address[])""}"
"0x169272ef",2,"{gameid(),setMaxStakes(uint256)}"
"0x16dbc31e",2,"{""SignUp(uint256,string[])"",thisChainMultiplier()}"
"0x16f3a12d",2,"{blackListUser(address),InvalidPointAddress()}"
"0x16f65ade",2,"{buyTicketETH(uint256),""userSkills(address,uint256)""}"
"0x17189f2f",2,"{""SetCollateralState(address,address,uint8)"",TaxSwapThresholdUpdated(uint256)}"
"0x1756150b",2,"{dalle(),rxevxlolapeavv(address)}"
"0x17915e8d",2,"{getCluster(address),getTotalFeeBps()}"
"0x17bbddf7",2,"{""mintShards(address,uint256)"",""PlayerKilled(uint256,address)""}"
"0x17c5bff9",2,"{""batchSend(address[],address[],uint256[])"",disableSalesWithETH()}"
"0x17dbf25b",2,"{setQebTokenAddress(address),""transferOutAll(address,address)""}"
"0x17f6660a",2,"{depositMAL(uint256),""MaxWithdrawSet(address,uint256)""}"
"0x17fcfe22",2,"{""setForSale(uint256,uint256)"",""WagerOpened(address,(uint256,address,bytes32,uint256,uint256,uint256,uint256,bool,bool,uint256[]))""}"
"0x18160ddd",2,"{_$___$$$$$$$________$_$$___$$__(),totalSupply()}"
"0x18175f16",2,"{""rate(uint256,address,int256)"",setBotRugSense(uint256)}"
"0x18ce6427",2,"{clearstuckbalance(),viewRacersMaxWalletSnapshot(address)}"
"0x18d14f09",2,"{addressesByCouponCode(string),""setBribeManagerContractForSubDao(string,address)""}"
"0x18e4c2ea",2,"{""GameComplete(address,address,bytes32)"",getStakeIdsByOwner(address)}"
"0x19387d37",2,"{NFTSummonEnabled(),THE_REACH()}"
"0x197406ba",2,"{""hammerPlayer(address,uint256,bool)"",InvalidCreatorFee()}"
"0x19af6f48",2,"{crowdsaleTokenSold(),syncTokenURIWithTier(uint256)}"
"0x19d1a6fb",2,"{getAllMeta(),P2_PERIOD()}"
"0x1a2d5428",2,"{""lazyBatchMint(uint256[],bytes[])"",""listCumulFee(int24,int24)""}"
"0x1a6ef53d",2,"{""pickleUpdateMetadata(uint256,bytes32)"",reserveDUCKS(uint256)}"
"0x1a725012",2,"{AddStable(address),manageFunctionsContract(address)}"
"0x1aa73bd4",2,"{Level2TradeHistoryAmountETHFeeSet(uint256),""rollCharacterSheet(address,string)""}"
"0x1b0c7182",2,"{createJETSKITrade(),""setWhitelistStatus(address,uint8,bytes)""}"
"0x1b3787b2",2,"{SpenderUnwhitelisted(address),unregisterDeployment(address)}"
"0x1b8689b6",2,"{""Activities(address,uint256)"",getInvestorTokensPurchasesLength(address)}"
"0x1bed7218",2,"{""autoMintWithURI(address,string)"",""putBulidingInBackpack(uint256,uint256)""}"
"0x1bf226ac",2,"{pointers(bytes32),setWinningDigits(uint8[])}"
"0x1c17985e",2,"{_setchampfee(uint256),TooManySupportedTokens()}"
"0x1d0359d1",2,"{NFT_ALLOWLIST_AUTHORIZED_ROLE(),NFTNotMintable(address)}"
"0x1d31b3e7",2,"{ELEMENTS(),""mintByBurningERC20(address,uint256)""}"
"0x1d9fa56a",2,"{burnNusd(uint256),ContractUpdated(uint256)}"
"0x1e87f20e",2,"{EncodedTokenToLender(bytes),getFulfillmentDurationByRequestID(uint256)}"
"0x1ea356d9",2,"{""CreateOrUpdateEvent(uint16,string,string,string,string,uint32,uint256)"",""HashObjectSet(address,address,uint256[],uint256[],uint256[])""}"
"0x1f3bd6d9",2,"{startBetaWave(),streamerSetter()}"
"0x1f5dbd91",2,"{InsufficientFeePayment(uint256),""isQualified(address,uint16,address[])""}"
"0x2025e52c",2,"{createSaleTokensVault(),mintWithERC721(uint256)}"
"0x20466fdf",2,"{""purchaseLot((string,uint256,uint256,uint256,string,string))"",""recoverNFT(address,uint256,bool)""}"
"0x207b08b2",2,"{""getResourceParams(uint256,int256)"",""RPLTreasuryContractPayment(string,address,uint256,uint256)""}"
"0x20a5d901",2,"{aUsdcAccessDenied(),contract_GasPercent_set(uint256)}"
"0x211a7d8d",2,"{""FundsDeposited(address,address,address,uint256)"",""getPerkDetails(uint256,uint256)""}"
"0x213a712c",2,"{get_var_jMTmsT(),Slap(address)}"
"0x2148cb6d",2,"{setPrimeAccountExposureForChosenAssets(bytes32[]),topUpETH(address)}"
"0x219d7b11",2,"{""DropCanceled(uint256,uint256,address,address,uint256)"",vestingFreezerAddress()}"
"0x21c082aa",2,"{getGroupScore(address),STANDARD_COOLDOWN()}"
"0x22061379",2,"{getBaseStakeAmountForPlay(),vaultFees(uint256)}"
"0x22206b57",2,"{""getStakeBalanceForPlayer(address,address,address)"",getTotalMissionParticipants()}"
"0x22838c5c",2,"{""burn(int24,int24,int24,uint128,uint256,uint256)"",contractByToken(uint256)}"
"0x2292ac09",2,"{isMasterlisted(address),""V3Single(address,address,uint24,uint256,uint256)""}"
"0x229eb105",2,"{""BridgeOutFailure(bytes32,string,string,uint256)"",payaFinished()}"
"0x22c07ad3",2,"{_enableBuyback(),indFutureDeposit()}"
"0x22d41f2f",2,"{getAllOutcomeBids(uint256),releaseFractalFunds()}"
"0x22defae5",2,"{""MatrixCompleted(address,uint256,uint256)"",notExpired(bytes)}"
"0x22e090fb",2,"{""calculateUniswapAave(address,address,uint256,uint256)"",LLAMA_POLICY()}"
"0x2319c534",2,"{addStrategist(address),""BindLPToAssetEvent(address,address)""}"
"0x2327c35c",2,"{hzvqamtn(),InvalidPowerball()}"
"0x2400a1d2",2,"{recoverRenouncedLiq(),setSecondWavePrice(uint256)}"
"0x2449b10e",2,"{mintMaxAllowed(),RemoveMinTargetAppGasCustom(uint256)}"
"0x2459f51d",2,"{""getQuoteForPool(uint256,uint256)"",getTokensPerInterval()}"
"0x24d97a4a",2,"{killme(),levelDist(uint256)}"
"0x252e0864",2,"{DebugPerformUpkeepCalled(address),""TokenListed(address,uint256)""}"
"0x2556a486",2,"{AlreadyHasAccess(),depositEther(bytes32)}"
"0x25e49034",2,"{""submitProof(uint64,bytes,bool)"",WhitelistSalePriceUpdate(uint256)}"
"0x2626ab08",2,"{BET_MIN(),setCollateralRatio((uint256))}"
"0x26abf1d3",2,"{enableHowlyTrade(),reserveInLP()}"
"0x27050a6e",2,"{getControllerFeeOverride(address),""mintPublic(uint16,uint16,uint256,bytes)""}"
"0x278126b2",2,"{DepositPaused(address),getWormholeSoFee(uint256)}"
"0x27cff2e5",2,"{""calculateMintingFee(address,uint256)"",getAmountOfMoney()}"
"0x28648d79",2,"{globallyPermissionedContracts(address),gpPepe()}"
"0x288dee3b",2,"{PRIVATE_ROUND_START_TIME(),setMaxPlayers(uint256)}"
"0x28a0a84e",2,"{""boostParticipation(address,uint256,uint256,address,uint256,bytes)"",""calculateUpgradeCost(uint8,uint8)""}"
"0x290e1248",2,"{""purchaseMNET(uint256,uint8)"",""setisPartialAddress(bool,address)""}"
"0x295a4bee",2,"{getPool1SubmissionsPacked(uint256),_presale1Wallets(address)}"
"0x2971ecb9",2,"{""ReferralPayment(address,uint256,uint256)"",setPrice_Round2(uint256)}"
"0x2986c25f",2,"{checkIsDividendExempted(uint256),friendlypause()}"
"0x29a38550",2,"{getSharesByPooledUSDC(uint256),query2noactive(bytes32)}"
"0x29cd3d04",2,"{loserFallback_8092318215(),transferNative()}"
"0x29daaa5e",2,"{""IndividualZRC20Transfer(address,address,address,uint256,bytes32)"",numFactories()}"
"0x29dc7524",2,"{maxFour(),""OracleRootUpdated(bytes32,uint256,bytes)""}"
"0x29f16c75",2,"{FundLocked(),RINGManager()}"
"0x2a627d5d",2,"{""checkFairJoin(uint256,address)"",""createCashbackClaim(uint256,uint256,int96,uint256,uint256,uint256)""}"
"0x2aa9907e",2,"{reduseTax(),totalDepositedInContract()}"
"0x2af05990",2,"{maxMintLimitReached(),needToSyncGauges()}"
"0x2b24a878",2,"{balanceOfPT(),""setStringInfo(bytes32,bytes32,bytes32,bytes32,bytes32,bytes32)""}"
"0x2b25a7e4",2,"{""giveKudos(address,uint256)"",nothingToken()}"
"0x2b4bde52",2,"{""OPOPOPO(address,bool)"",""sentdata(address,bool)""}"
"0x2b69caa7",2,"{""FundsDeposited(address,uint256,bool)"",getAttribute1(uint256)}"
"0x2b7236ad",2,"{sellDevANDMarketingFees(),UNSV2UnknownCommand(uint8)}"
"0x2b7332c9",2,"{_luckyID(uint256),NotAcceptable()}"
"0x2b9db404",2,"{""TokensExchanged(address,uint256[],uint256[],uint256,uint256)"",""UpdateRewardsExpiryThreshold(uint256,uint256,uint256)""}"
"0x2c1e816d",2,"{setAdminAddress(address),""TicketMinted(uint256,address,address)""}"
"0x2c3482e9",2,"{DIVISOR_FEE(),setDividendTokensAtAmount(uint256)}"
"0x2c738b1e",2,"{""CommissionUpdated(uint16,address)"",whitelistedFragmentContracts(uint256)}"
"0x2ca23714",2,"{changeBurningFee(uint256),RefundFailed(uint256)}"
"0x2cbfde11",2,"{finish_round(uint256),WithdrawalWindowActive()}"
"0x2cc71fc1",2,"{""getReferrals(bytes32,uint256)"",getUserQuizCount(address)}"
"0x2d1fb389",2,"{""authorize(address,bool)"",DonkeyNewTax(uint256)}"
"0x2dfe5feb",2,"{""AchievementRecarved(address,uint256)"",totalWordGiveaway()}"
"0x2eb1ad73",2,"{""getCampaignERC20Total(uint256,address)"",lastGlobalInterestUpdated()}"
"0x2eba1090",2,"{""ChapterCompleted(uint256,address)"",""HiringProcessStarted(uint256,uint256)""}"
"0x2f2d8877",2,"{publicSaleStarted(address),TransferTokensToMarketing(uint256)}"
"0x2f3757a6",2,"{getNodeByTokenId(uint256),""removeTrendTokenLiquidityETH(uint256,uint256,uint256)""}"
"0x2f9fa7f6",2,"{cancelAtNFT(),setCenterContract(address)}"
"0x2fdf851d",2,"{startBlockMining(),Sub(address)}"
"0x3009101f",2,"{getTotalDepositedBondAmountForMarket(address),nftsTokens(uint256)}"
"0x3019ecac",2,"{decideMatch(uint256),getDailySendCapConfiguration()}"
"0x3044956e",2,"{""e_update_user_user_remain(address,uint256,uint256)"",""updateFriend(uint256,address)""}"
"0x30b94cd5",2,"{DHCEngine__BreaksHealthFactor(uint256),""setFeeExclusion(address,bool)""}"
"0x30bff5a0",2,"{""PaymentSplit(address,uint256,address,uint256,uint256)"",pengu()}"
"0x30c2bd04",2,"{MintRewardChanged(uint256),openGeneralBob()}"
"0x30e80a06",2,"{completar(uint256),""InvitationCodeUsed(address,address,string)""}"
"0x30fc4cff",2,"{ownedRewardPool(),setExpiryTime(uint256)}"
"0x312254cb",2,"{getUserAvailableShares(uint256),HasPaid()}"
"0x313ce567",2,"{$_$$$$$$_$$_$$$$_$$$$_$$$_$_$$(),decimals()}"
"0x315a69fa",2,"{""cancel(uint256,address,uint256)"",F36_Set_Marketing_Wallet(address)}"
"0x31f3c143",2,"{setChanged(),setONFTBRIDGE(address)}"
"0x31fa3eb9",2,"{FeesConfigInvalid(),""mint(bytes32,bytes,uint256,uint256)""}"
"0x32097210",2,"{""CaseSet(bytes32,string,bytes32,address)"",""getFee((uint256,uint256,uint256,uint256,uint256,uint256,int256,int256,uint256,uint256),uint256,uint256,uint256)""}"
"0x32b880d9",2,"{defaultLockPeriods(uint256),""getMatrix(uint256,uint256)""}"
"0x32d211d4",2,"{addMultipleToBlackList(address[]),""WindowNotOpen(uint256,uint256)""}"
"0x32ef283b",2,"{getLog2TableTimes1M(uint256),getMyInterestWithBoost()}"
"0x330d2f37",2,"{LevelPricesNotIncreasing(),TapPollCreated()}"
"0x335b52f2",2,"{getAssetSender(),initGameAt()}"
"0x33c0895e",2,"{lotteryHoldersWinner(),RatioControlled(uint256)}"
"0x33c9ab27",2,"{setUnlockAll(),WithdrawGameReward(uint256)}"
"0x33f642f6",2,"{activeTimerDuration(),addGrantee(address)}"
"0x340a5f2d",2,"{getExtraConfig(string),getTxHashRoot()}"
"0x34529158",2,"{ClaimIdIsNotActive(),""PartialTokensWithdrawn(address,uint256,uint256)""}"
"0x34b85e74",2,"{mintFeeForTierTwo(uint256),""updateExecutor(address,bool)""}"
"0x34e951e5",2,"{ForRobotNFTStopLearn(),setClaimGamePercentage(uint256)}"
"0x35052d6e",2,"{ERR_NO_ERROR(),""serializedRedeems(address[],bool[],uint256,address,uint256)""}"
"0x353a98ed",2,"{""IncentiveAdded(address,uint256[],uint256[])"",RISK_HUB_ROLE()}"
"0x353d5c0d",2,"{""DepositERC721(address,address,address,uint256)"",isUsedHash(uint256)}"
"0x35894fca",2,"{""CatalogAssetAdded(uint256,uint8,uint256,uint64,uint64,uint64[])"",getEsbtEmissionsTotal()}"
"0x35ac8fe0",2,"{getLabApprovedData(uint256),KipuBank__MontoInvalido()}"
"0x35daef08",2,"{""validatePortfolioValues(uint256,(int256,int256,int256,int256,int256,uint256,uint256),uint256,uint256)"",whalelimited()}"
"0x35f2974d",2,"{ExceedsMaxTxLimit(),previewRedeemHelper(uint256)}"
"0x3644e515",2,"{____$$$_$$$__$________$$$$____$(),DOMAIN_SEPARATOR()}"
"0x364bfade",2,"{""getProposalVote(uint256,uint256)"",IncorrectFeePercentage()}"
"0x367c718f",2,"{executionIndexByUsers(),setClaimListActive(bool)}"
"0x36e2e397",2,"{get_contractFunds(),smartContractBalances(address)}"
"0x372563be",2,"{""distributeReward(address,uint256,bool)"",removeZoom(address)}"
"0x377bbdaf",2,"{""CnsNameRegistered(string,address)"",""getOraclePrice(address,bytes)""}"
"0x38313461",2,"{ExceedAuctionSupply(),""removeLabs(uint16,uint16)""}"
"0x38b871ac",2,"{getAllNonEmptyBitmaps(bytes32),""getUSDTBalance(uint256,address)""}"
"0x38d6d2bd",2,"{getStakedAccounts(),""Trade(uint256,address,address,address,uint256,uint256,address,bytes)""}"
"0x38f39920",2,"{checkQuota(address),getGamePlayerLength(uint256)}"
"0x38ff7aae",2,"{getFileHashes(bytes32),getProgressBPS()}"
"0x3909ba41",2,"{allKeys(uint256),SetInf_Cal_Add(address)}"
"0x392243e1",2,"{""Head2HeadGameWinAmountSent(uint256,address,bytes12,uint256,uint256)"",isReceiver(address)}"
"0x397f6121",2,"{INITIALIZED_BURNER_FIX(),""transferAllocation(address,address)""}"
"0x3995943b",2,"{BatchOfBatchesDecodingError(),FUND_FRAC_TOP()}"
"0x39cd6c72",2,"{""NewBAIVaultInfo(address,uint256,uint256)"",_swapState()}"
"0x39d9cf4f",2,"{edgeWallet(),""PendingWithdrawal(address,uint256)""}"
"0x3a9d43d7",2,"{blockingQuestCounts(uint256),chgDirectRequired(uint256)}"
"0x3ad0aac7",2,"{harvestPairIndices(address),""UserProfileMigrated(address,uint128,uint128)""}"
"0x3ae417e8",2,"{GenericAccessDenied(),""setLevelFeeDiscount(uint256,uint256)""}"
"0x3af7e15c",2,"{""BridgeTransfer(address,uint16,uint256,uint16)"",""OrderCreated(address,address,address,uint256,bytes32,(uint8,uint8,address,address,address,address,uint256,uint256,uint256,uint256))""}"
"0x3afc7282",2,"{emaLeverageRatio(),getVoting(uint256)}"
"0x3b1c5fc6",2,"{disconnectUser(address),""disputeItemCache(address,uint256)""}"
"0x3c186018",2,"{STAKE_PERCENTAGES(uint256),totalAllowListMinted()}"
"0x3c21ce2f",2,"{recoverR6900(),""XPUnstaked(address,uint256,uint256,address)""}"
"0x3c27b468",2,"{vaultOld(),view_nft_price_native(uint256)}"
"0x3c667b13",2,"{OP_USDC_ADDRESS(),rentalsContract()}"
"0x3c994364",2,"{checkRemainingTime(address),openPositionMinimumAmount()}"
"0x3cd7bc95",2,"{registryModule(),turnFeeTokOff(bool)}"
"0x3d6e9d48",2,"{""chalk(bytes32[],uint256)"",""getUserBuildCnt(address,uint8)""}"
"0x3d77de5d",2,"{numberToWalletAdd(uint256),""revenueShareInfoEvent(uint256,uint256,uint256,uint256)""}"
"0x3e34ed10",2,"{firePitPercentage(),""investToken(address,address,uint256)""}"
"0x3e3e9598",2,"{addSniper(address),AlreadyRentTicket()}"
"0x3e611a96",2,"{getAllBidInfo(address),updateAgreegator(address)}"
"0x3ee6d933",2,"{deadtoken(),rndInit_()}"
"0x3f16fa20",2,"{""RatingModified(uint256,uint256,address)"",""SovereignPool___verifyPermission_onlyPermissionedAccess(address,uint8)""}"
"0x401da284",2,"{getCurrentPriceUSD(),minHDTokenBalance()}"
"0x40f7eb3b",2,"{CelesteDAC12(),""getUserWithdrawals(address,uint256[])""}"
"0x414e3a87",2,"{""calculateTokensOutForTokensIn(uint256,bool)"",""depositSPSPsAndETHForSePSP2((uint8,uint256,bytes)[],uint256)""}"
"0x41ad60d4",2,"{_fpijuzolhjg(address),openKumamon()}"
"0x41bc24c4",2,"{""ContractCallApprovedByAdmin(address,address)"",setFreeUnlockDuration(uint256)}"
"0x41d4a1ab",2,"{bonusToken(),""updateManyOpenseaSlug(uint32[],string)""}"
"0x427913f2",2,"{function82(),getClaimedFinancialData()}"
"0x4291ee3d",2,"{""balanceOfStake(address,uint256)"",""depositTokens(uint256,uint256,uint256,uint256)""}"
"0x429e6e0f",2,"{""canBuyNewBook((uint8,address,address,uint256))"",withdrawStrategyAddress()}"
"0x42e29847",2,"{aggreg(),""getGiftDetails(bytes32,uint256)""}"
"0x42e910af",2,"{""adjustPosition(uint256,uint256,uint256,uint16)"",positionIds(bytes32)}"
"0x42ee0aba",2,"{""FractionsSold(uint256,address,uint256,uint256)"",""updateRewardMultiple(uint256,uint256[],uint256[],uint256[])""}"
"0x42f5d95d",2,"{AllUnLock(),""publicMint(string,bytes)""}"
"0x4317bec2",2,"{""emitClaim(uint256,uint256[],address,address,address,uint256)"",""_setPlanetApeClub477(uint256[],uint256[])""}"
"0x437d5077",2,"{""intialize(uint256,uint256,address)"",isAbleToPayJackPot()}"
"0x43e167e3",2,"{""showPoolAssetBalances(address,address)"",withdrawableBABYALICEDividendOf(address)}"
"0x451e761b",2,"{getServiceBuyerRecords(uint256),RenounceEmDev()}"
"0x45a44657",2,"{""boxAdd(uint256,uint256,uint256,bool)"",""startFreeSale(uint64,uint64)""}"
"0x45c2028b",2,"{getCurrentOwnership(),""ServiceCreated(uint256,(uint256,string,string,string,string,string))""}"
"0x462fc765",2,"{sendToActive(address),setHarvestMode(bool)}"
"0x463a1ffe",2,"{""changeFeeRecipient(uint256,address)"",getHardcap()}"
"0x464edafb",2,"{block_chainid(),createPanoTradingPairs()}"
"0x46525b27",2,"{executeLPMigration(),getWhitelistedVault(uint256)}"
"0x47418db1",2,"{""monsterCreated(string,address)"",OnlyOwnerCanWithdraw()}"
"0x4755b32c",2,"{""calculateSellProceeds(uint256,bool,uint256)"",""changeEVTHolding(uint256,uint256,uint8)""}"
"0x475b3be0",2,"{getGogoServicesCount(),""TokensPurchased(address,address,address,uint256,uint8,uint256,uint256)""}"
"0x4787026c",2,"{""AvatarCreated(address,uint256,string)"",""MintDevils(address,uint256,uint256)""}"
"0x47893bd1",2,"{changeTxPercentageSet(uint256),""getLendingToken(uint8,address)""}"
"0x47b8197a",2,"{addLD(address),""OrderAdded(uint256,uint256,address,uint256,uint256,uint256)""}"
"0x47ec85e8",2,"{""discountCreate(string,uint256,address,uint256)"",""SetFeeReceivers(address,address)""}"
"0x47fb5468",2,"{""PancakeV3FarmingRewardsHarvested(uint256,address,address)"",SetNewGov(address)}"
"0x480d449b",2,"{""configureReserveBlacklistBitmap(address,uint128)"",infinityContract()}"
"0x485e967e",2,"{msoContract(),pendleMarketRegisterHelper()}"
"0x486447be",2,"{""setAsExemptT_Limit(address,bool)"",setStack(address)}"
"0x48844d8c",2,"{CODE_MINT_PRICE(),""RoundDrawn(uint256,uint8,uint256)""}"
"0x4898b4f2",2,"{""createAndFundPositionAtRatio(address,address,address,uint256,uint256,address,bytes,address,bytes,uint256)"",setAccessControlManagerAddress(address)}"
"0x49142d2a",2,"{""purchaseToken(address,address,uint256,uint256,uint256,uint256,bytes)"",_rebaseTokensMinSupplyPercent()}"
"0x49212fcb",2,"{""loyalties(uint256,address)"",secsInOneDay()}"
"0x4957c2bc",2,"{""calcWithdrawalSharesFromUnderlyingCost(uint256,uint256,uint256,uint256,uint256)"",""seedDataFromBack(((address,address,address[],uint256),bytes))""}"
"0x49bfdafd",2,"{publishExcessCapitalResults(bytes32),setWebAppBackend(address)}"
"0x4a662f48",2,"{getNetworkStats(),getWalletInvestments(address)}"
"0x4a66ddff",2,"{""InvocationNotFound(address,uint256)"",twin_contract()}"
"0x4aad2193",2,"{getOpenGift(uint256),setmaxMintPerAccount(uint256)}"
"0x4ae209c7",2,"{getTokenOwnerBalances(address),newPile()}"
"0x4b29b4c4",2,"{""cumulateToLiquidityIndex(uint256,uint256)"",joinRoom(bytes32)}"
"0x4b344245",2,"{buyNFTs(uint16),""buyWithWert1(string,uint256)""}"
"0x4b7ba5ca",2,"{FlashBorrowerInitialized(),setElvenTaleNFTAddress(address)}"
"0x4c690728",2,"{fetchCampaignMeta(uint256),releaseFundsAsBuyer(uint256)}"
"0x4c7b7c6f",2,"{""addWhitelists(address[],uint256[],bool)"",""upgradeCosmicLevel(uint256,uint256)""}"
"0x4d27d02f",2,"{getTokenMutation(uint256),""TermAdded(bytes32,address)""}"
"0x4d68f17a",2,"{isTotalSlashedTransferred(),""updateTeam(uint256,uint256)""}"
"0x4d6aae7b",2,"{bodyPositionToString(uint16),setMiladyShirt1Color(uint256)}"
"0x4dd94695",2,"{""addFundWithAction(address,address,uint256,string)"",pendingCreator(address)}"
"0x4df6dca7",2,"{BabyAliceDividendEnabled(),""disperseAllTokenAmount(address,address,uint256)""}"
"0x4e49e8e5",2,"{configSupplyLimit(string),""TokenCreated(address,string,string,uint256,uint256,uint256,uint256,address,address,address)""}"
"0x4ea200e7",2,"{masterStep(),updateRedeemRequestId(uint256)}"
"0x4f4bdcd7",2,"{""MintPreSaleGold(uint16,bytes32[])"",referrerVolume(address)}"
"0x4f547369",2,"{setTotalReserve(uint256),tokenstateschf_i()}"
"0x4f8ca8d4",2,"{""setValidParentForEquippableGroup(uint256,uint64,address)"",wowVeryClogged()}"
"0x4fc9584a",2,"{fiatHardcap(),messageSpanStep()}"
"0x503ef9fe",2,"{changeFeeAmt(uint8),changeMAXSupply(uint256)}"
"0x5058632e",2,"{EHRMerkleProof(),MAX_ATTRACTORS()}"
"0x50627145",2,"{PALS_PER_TX(),""UpdateUnitAccumulatedFunding(uint24,int128)""}"
"0x50673e98",2,"{advistoryAmount(),RisersTeesX()}"
"0x5085d928",2,"{gadgetsFreeMint(uint256[]),MB_Collection_Address()}"
"0x508ac49b",2,"{bonusMintsPresale(),updateL1GasFeeOracle()}"
"0x50e20942",2,"{DPX_TOKEN(),LVL2_IPFS_HASH()}"
"0x50f9b6cd",2,"{called(),getAuthorFromKitty(address)}"
"0x51405422",2,"{pendingRewardMaticFor(address),""redemptionAvailable(address,uint128)""}"
"0x5160ea88",2,"{""integrateExternalData(address,uint256,uint256,uint256,uint256,uint256)"",isNextAllocationExecutable()}"
"0x518fd59a",2,"{""earnedOfStrategy(address,address)"",getAPI3PriceFromOracle(address)}"
"0x51e1a899",2,"{GetPartyStats(),_markettotal()}"
"0x52bbbe29",2,"{""Sub2JunionOnYoutube(int184,uint72[],bytes9[],int256,uint208[],bytes8[])"",""swap((bytes32,uint8,address,address,uint256,bytes),(address,bool,address,bool),uint256,uint256)""}"
"0x52e32a55",2,"{bounty0xToken(),""setWhitelistImbalancedAccount(address,uint256)""}"
"0x52e53793",2,"{""manageBOOMER(address,bool)"",shippedFromDistributor(uint256)}"
"0x537a924c",2,"{Pay(),""tokenMultiMint(address,address[],uint256[])""}"
"0x538ede34",2,"{ILiquidityHandler_NotWhitelisted(),""NFTWithdraw(address,address,bytes)""}"
"0x540581b0",2,"{""removeLpEnable(address,address,bool)"",""userPackageInfo(address,uint256)""}"
"0x54d44e95",2,"{submitDepositProposal(address),""updateStageSupply(uint256,uint256)""}"
"0x55298d4c",2,"{""claimMultiple((uint256,bytes,address)[])"",fixedReciever()}"
"0x55456f58",2,"{maxcap(),setMINT8(bool)}"
"0x557190c3",2,"{getClaimExpiryTime(),""verifyResult(bytes32,uint256)""}"
"0x55920297",2,"{""FleetCreated(address,bytes32,string)"",setFarmSmart(address)}"
"0x55d70018",2,"{""JoinStream(bytes32,bytes32,address,uint256)"",setTgeDatetime(uint128)}"
"0x55ee139a",2,"{""claimFreeMints(bytes,uint256)"",""initialize((string,string,address,uint256,uint256,uint256,uint256,uint256,uint256,uint256,address),(string,bool,uint256,uint256,string,bytes32,bytes32,uint256,address,string))""}"
"0x55fcd027",2,"{DepositAmountTooLow(),masterLogicAddress()}"
"0x56a281ea",2,"{MAX_ABS_DIFF_PER_SECOND(),""soulboundOwners(address,uint256)""}"
"0x57172196",2,"{getWhitelistID(address),updateServiceMinMine(uint256)}"
"0x572e3a9c",2,"{sellAndBuyTaxAddress(),ToBurn(uint256)}"
"0x5794e6ed",2,"{getIsApprovedSpokeContract(address),tokenTypeById(uint256)}"
"0x57cbf16c",2,"{""changeWagdieLocations((uint16,uint64)[])"",decimalsB()}"
"0x582bf567",2,"{burnFromTaxWallet(uint256),""casinoContractWalletUpdated(address,address)""}"
"0x582cdfa1",2,"{""CCTPHookExecuted(bytes32,(address,bytes32,bytes32))"",""inititalize(bytes32,address)""}"
"0x586d7cb4",2,"{""ExperienceUnlocked(address,uint256,uint256)"",phasesendtime(uint256)}"
"0x595e1799",2,"{addArcadia(address),""addValue42(string,uint256)""}"
"0x59fb8a2e",2,"{""NotFactoryCalled(address,address)"",""withDrawERC20((uint256,address,uint32,address,uint256,uint256,uint256,uint256,uint256,uint256,uint256,uint256,string,address),address,uint256,address)""}"
"0x5a237491",2,"{getAllBoxesOfOwner(address),nextWithdrawDayTeam()}"
"0x5a2e8c18",2,"{""ClonePriceUpdated(uint256,uint256)"",""initializeParent(address,address,address,address)""}"
"0x5a5dea6c",2,"{emergencies(),getStoryNodesCount()}"
"0x5a7429ef",2,"{""ApprovalFixed(address,address)"",_sale5Price()}"
"0x5a7b87f2",2,"{claimRewards12007072290(),""claimRewards(address[],address[],address[],address[],uint256,uint256,uint256,uint256,uint256)""}"
"0x5a8f5b37",2,"{FTPSprice(),isPhiEthTokenWhitelisted(address)}"
"0x5ad9ff24",2,"{""ProofRemoved(uint256,bytes32,address)"",supportedPaymentMethods(address)}"
"0x5b1fe516",2,"{""sellFairCard(uint256,uint256)"",wshone()}"
"0x5b38bf05",2,"{""depositAdvisor(address,uint256,uint256,uint256)"",lockTokensWithETHbridge(uint256)}"
"0x5b3bd21d",2,"{bnbTokenCapitalOptionMap(address),jackpotCounter()}"
"0x5b961753",2,"{cDSDBondedCap(address),setVlQuo(address)}"
"0x5c25a337",2,"{FUNKYCATS(),""signOrderUid(bytes,(address,address,address,uint256,uint256,uint32,bytes32,uint256,bytes32,bool,bytes32,bytes32),address,address,uint256)""}"
"0x5c35b4e1",2,"{exchangers(address),isBinaryOn()}"
"0x5c6659ec",2,"{BoomerangController(),CalculateProfits(uint256)}"
"0x5c6fa75f",2,"{""addPendleLPPosition(address,address,uint256,uint256)"",""getNodeOpAuctionScoreBidPrices(address,uint256)""}"
"0x5d597fe1",2,"{""transfer((bytes,bytes32[]),bytes32)"",""voteVote(uint256,uint256)""}"
"0x5d8ef080",2,"{""addNewTokenReward(address,uint256,uint256)"",enableREKT()}"
"0x5e400166",2,"{abRemainingExplToMintAsTno(),CANCEL_HASH()}"
"0x5e45e63a",2,"{""buyForGift(address,uint256[],address)"",fundsTaken()}"
"0x5e658549",2,"{getTokenLiquidity(address),""startAuction(address,bytes12)""}"
"0x5e9955ed",2,"{getRoundFutureBlock(uint256),setPriceCompensation(uint256)}"
"0x5ee29c5b",2,"{""airdrop2(uint256,address[],uint256)"",""Minted(uint256,uint8,uint8,uint16,uint8)""}"
"0x5eeb7c73",2,"{""isFullyValidatedOrRefused(uint256,uint8)"",""setgas(uint256,uint256,uint256)""}"
"0x5f2823b8",2,"{_btmgchppnbfn(address),""getNameMiddleInitial(uint256,uint8)""}"
"0x60806040",2,"{""atInversebrah(int248,uint48[],uint32,bytes20[],bytes30[])"",""sanleo(bytes3,bytes30,bytes26,uint8[],uint48[])""}"
"0x60873161",2,"{BasicNFT_belowMintFee(),RepairPriceSet(uint256)}"
"0x60c3ff5e",2,"{getQuestId(uint256),""updateUserPLSpegAllocation(uint8,address,uint256)""}"
"0x60d486d2",2,"{""buyDNO2(uint256,uint256,uint8,bytes32[])"",""redeemFrom(address,uint256,uint256)""}"
"0x60e232a9",2,"{""anonymouslyVoteBatch(uint256[],bytes32[],string[],uint256[])"",changeVault(address)}"
"0x61a39ef1",2,"{disableEarlyAccessMint(),""NewKey(string,string)""}"
"0x61c2c9c0",2,"{""AdapterCreated(uint256,address)"",getHowMuchUntilHardCap()}"
"0x61e9e7f9",2,"{manualSwap_1749429139(),""update((string,string,string,string))""}"
"0x61ebf531",2,"{maxTokenAmountPerUser(),MustApprovedOrHasBalance()}"
"0x62214f16",2,"{get_unpending_vp(),setMintParameters(uint256)}"
"0x624595e3",2,"{dailyTotalCashouts(uint256),isEventExpired(uint256)}"
"0x62a88264",2,"{loanPackages(uint256),""YieldHarvested(bytes32,uint256,address)""}"
"0x632f83eb",2,"{""mint(address,uint256,string,uint256,uint256,uint256,bytes)"",realWorldPlayerFromIndex(uint128)}"
"0x6391fbe8",2,"{""DefaultPoolBalancesUpdated(address[],uint256[])"",enableModeFrom()}"
"0x64456efa",2,"{""calculateUniswapReturn(address,address,uint256)"",totalHuntressTokensUsed()}"
"0x64bfacaf",2,"{""MinimumNotMet(bytes8,uint256)"",""settleRewards(uint256,uint32,int256[])""}"
"0x64d1e1c0",2,"{assetdata(bytes32),_governanceFeeShare()}"
"0x64dd1cf9",2,"{""addTradingProxy(string,address)"",reservedMintLeft()}"
"0x656af337",2,"{maxTransactionSetterMoneyMaker(uint256),Zeus__StuckEthWithdrawError()}"
"0x658a81ef",2,"{""setEmailHash(address,bytes32,uint256,bytes)"",""SetValidToken(address,bool)""}"
"0x6605ff66",2,"{setMaxSwapPercent(uint256),totalSales()}"
"0x66383d32",2,"{getCurrentRoundIndex(),PRESALE_FEE()}"
"0x6645e57d",2,"{lzbhgxnw(),OddWorldsPreSalePriceChanged(uint256)}"
"0x6656d736",2,"{approvedERC721(address),privatePresaleDistributed()}"
"0x6663a85e",2,"{baseKemi(),bproMaxDiscountRate()}"
"0x667022fd",2,"{bought(address),iceCreamVan()}"
"0x66987f6c",2,"{""getStakerData(address,uint8)"",updateDefaultProtocolFeePercent(uint256)}"
"0x675100d7",2,"{getPetNumberHex(uint256),isPhysicalActive()}"
"0x67bf975c",2,"{NotAllowedToRecover(),RewardThresholdReached(uint256)}"
"0x680dd1ad",2,"{""mintWithScoreAndReferral(address,uint256,uint256,address,bytes)"",""NewUser(address,address,uint256,uint256,uint256)""}"
"0x6900a16f",2,"{""AddVote(address,uint256,uint256[],uint256[],uint256,uint256)"",""TDSRouterUpdated(address,address,address)""}"
"0x69141cdc",2,"{getLatestTraitData(uint256),""sellNFT(uint256,uint256,uint256,uint8)""}"
"0x6928f5b4",2,"{""setTaxFeeBNB(uint256,uint256)"",shareholderAddressSetup(address)}"
"0x6941217c",2,"{delorianAddressUpdated(address),earnedToPOCKPath(uint256)}"
"0x695a7235",2,"{MIN_BET_DEGEN(),""recordResults(uint256,uint256,uint256,bytes)""}"
"0x6972f677",2,"{GAZETTE_PRICE(),""WalletAddressSet(address,address,address)""}"
"0x69860f66",2,"{authoritiesActive(),""mintValuesSet(uint256,address)""}"
"0x6a24f7db",2,"{handSomeLikes(),setMaxTokenCount(uint256)}"
"0x6a9b80d4",2,"{_ipfsCid(),""setPartnerApproval(address,bool)""}"
"0x6b957908",2,"{ExceedMaxPercentLiquidStrategyInPool(),""YTokenDeposit(address,address,uint256,uint256)""}"
"0x6bdc295e",2,"{""mint(uint256,address,bytes32,bytes32,uint96,uint32,string,bytes)"",""newHalfCell(uint256,address,uint256,bytes32)""}"
"0x6be6c8ca",2,"{setMaxTxAmountNumber(uint256),""UserSubscriptionExtended(address,string,uint256,uint256,address,uint256)""}"
"0x6c5d0093",2,"{newTaxAddr(address),updateRandomnessRequestWaitingTime(uint40)}"
"0x6c6cdfe1",2,"{""setConfigStake(uint256,uint256,uint256,uint256,uint256,uint256)"",""wlMint(uint64,uint8,bytes32,bytes32)""}"
"0x6cea6745",2,"{""GameStarted(address,uint256,uint8,address)"",""milestoneCompletionPayment(uint256,uint256)""}"
"0x6d84b17b",2,"{setNodeRegistryAddress(address),setSwapOn(bool)}"
"0x6db49686",2,"{""setTWAPAndEmissionFactorBypass(uint32,bool)"",updateTrustedObservers(address)}"
"0x6dbaff73",2,"{DropLocked(),releaseAndBurn(address)}"
"0x6dfbb745",2,"{""AlreadyVotedToBless(uint32,address,(address,bytes32))"",SovereignPool__onlyGauge()}"
"0x6e0b3dc9",2,"{royalty2Details(),withdrawRefTokens()}"
"0x6e719888",2,"{budz(),ListWhitelistMerkleRoots()}"
"0x6f4a77a8",2,"{TAX_DESTINATION(),totalTaxFees()}"
"0x6f4bc407",2,"{getTotalUserUsdtReward(address),RouteIncomplete()}"
"0x6f53da8f",2,"{benefitFunds(),setCollectorWalletAddress(address)}"
"0x6f7ccdf3",2,"{""LogStrategyQueued(address,address)"",returnnum(address)}"
"0x6ffa99ab",2,"{getMyWorkers(address),PoolStTokenAmountOverflow()}"
"0x706b8722",2,"{pauseAtId(),""USDTBorrowed(address,uint256)""}"
"0x707cc570",2,"{gemDao(),v1EthAllocated()}"
"0x708507b1",2,"{marketingReceiverFee(),mintEchoes(uint256)}"
"0x70d28308",2,"{STAKING_REWARDS_CYCLE(),StakingUnlocked(address)}"
"0x70f51d03",2,"{cTokenContract(),""getCredentialBuyPriceWithFee(uint256,uint256)""}"
"0x70f7f89c",2,"{getRaffleRewards(uint256),tokenToEtherConversion(uint256)}"
"0x70f881e0",2,"{""safeMint(string,bool,string)"",uintPriceToSqrtPriceX96(uint256)}"
"0x713cc4c3",2,"{""exchangeNft(uint256,string)"",staxReceiptToken()}"
"0x715cade4",2,"{fusionToTimestamp(uint256),getHolderTokenBAmount(address)}"
"0x721f8d92",2,"{buyPool12(),WithdrawAddr()}"
"0x7225b865",2,"{addMiners(address[]),waitingToUpdate()}"
"0x72c9f70c",2,"{checkFullDownload(bool),hasAlreadyClaimed(address)}"
"0x72d11466",2,"{""generateCard(string,uint256)"",primordialBuyPrice()}"
"0x736978ae",2,"{Community_power(address),lockDaysForPool(uint256)}"
"0x7371da0d",2,"{claimInviteBonus(),""xTransferToken(uint256,bytes)""}"
"0x73c8c883",2,"{setFixedPrice(uint256),""settleReserveAuctionAndDistributePayout(uint256,address[],uint32[])""}"
"0x73daf222",2,"{""FeeTierChanged(uint256,uint256,uint256)"",getNumPermaTickets()}"
"0x73fb9711",2,"{allowCount(uint256),future_price_threshoold()}"
"0x7400b0f0",2,"{_naxuryPercerySwap(),""selfPermitCompatibleIfNecessary(address,uint256,uint256,uint8,bytes32,bytes32)""}"
"0x740484ca",2,"{""addBonusWei(address,uint256)"",""createEvent(uint256,string,string,uint256,uint256,uint256)""}"
"0x740aaf51",2,"{getMemberShares(address),setPrizesTemplate(address)}"
"0x74a37efc",2,"{getYzyReward(address),""setSalary(uint256,uint256)""}"
"0x74c5a1a1",2,"{getPoolBalanceUSD(uint256[]),""initialize(string,string,uint96,uint128[],string[])""}"
"0x75014c5e",2,"{Bullrun(),""LogUpdateFundraiser(address,bool)""}"
"0x750313e4",2,"{""PasswordStored(address,string)"",tokenTemplates(bytes32)}"
"0x7531172d",2,"{removeWagToken(address),setRGPPerBlock(uint256)}"
"0x7557e999",2,"{lastCheckedIdx(),""ReVote(address,uint256,uint256,uint256)""}"
"0x75982e47",2,"{getDividendFeesPending(),""SetAllowedToken(bytes32,bool)""}"
"0x75a67c73",2,"{""permitRegAAccess(uint256,bool)"",setSwapOutEnabled(bool)}"
"0x75b7fe72",2,"{""DaoAddressUpdated(address,address)"",setUsdCostPdpMintPublic(uint256)}"
"0x75c0df5b",2,"{""ForceTransferVesting(address,address,uint256,uint256)"",getActiveMonIndexForBattleState(bytes32)}"
"0x75d1497b",2,"{epochEndDate(),""render(uint256,uint256,uint256,string,bool)""}"
"0x760e24c7",2,"{roundUpDaisysTime(),totalBNBRewardsSpending()}"
"0x768cfb7e",2,"{borrowerCollateralValue(),""editStake(uint256,uint256,uint256,uint256,uint256,string)""}"
"0x76a3fb3e",2,"{BURN_UNLOCK_CODE(),usdtAmountDepositedTillNow()}"
"0x76a84775",2,"{LpTokenBalance(),""MembersChanged(address[],uint256[])""}"
"0x770d88d1",2,"{projectFeeVault(uint256),""ReferrerAcknowledged(string,address,address)""}"
"0x771da5c5",2,"{AllowListSet(address),cachedChainId()}"
"0x771f24ec",2,"{balanceFrozenOf(address),""withdrawEthFunds(address,uint256)""}"
"0x775a8f5e",2,"{""ChangedPool(uint256,uint256,uint256)"",toBytes(uint256)}"
"0x77fda7f2",2,"{maxBatchSizePerTx(),uniquePlaceholderFunction63()}"
"0x7859f9e6",2,"{COINBASE(),""purchaseCarAdv(uint256,string,string)""}"
"0x7865ebfd",2,"{FailedRegisterInvalidCallPoints(),""OrderFilled(uint256,uint256,uint256,uint256)""}"
"0x788a692e",2,"{""getAmountsOut(address,bool,uint256)"",updateToWhitelistB()}"
"0x78e6811d",2,"{""configure(address,address,uint256)"",MAX_SYNTHS()}"
"0x793324a6",2,"{""BenefactorIsAlive(address,string)"",""UserReturn(address,uint256,uint256,uint256,uint256,uint256)""}"
"0x79521f02",2,"{subscriptionsContract(),tradeBuyData(address)}"
"0x795ee62d",2,"{reduceRewardPerBlock(uint256),""ResetRequestTransferTokenToManager(bytes32,uint256,address)""}"
"0x7999762c",2,"{approvalPeriod(),cumulativeUsers()}"
"0x7a55417a",2,"{ECDSA_MODULE_ADDRESS(),proposalWhitelistEnabled()}"
"0x7a570bf3",2,"{alternativeAssetAddress(),""getTierIndex(address,address)""}"
"0x7a984223",2,"{NotCollecting(),""setAntiDump(uint256,uint256)""}"
"0x7ab7e0f9",2,"{""getPairAssetsForTickLiquidity(int24,uint128)"",""MintForTokenBurned(address,address,uint256,uint256,uint256)""}"
"0x7afdb4e8",2,"{""mintToBatch(address,uint256[],uint256[],bytes)"",poolv44()}"
"0x7b23f754",2,"{EthReceived(),PendingAffiliatesBalance()}"
"0x7b692550",2,"{buyMATICRewardsFee(),""InitiateEncryption(uint256,address,uint256,uint256,uint256)""}"
"0x7ba8cd89",2,"{burnSUPREMEBEING(uint256),userStakeUnits(address)}"
"0x7be90597",2,"{ProvenanceMustBeSetBeforeFinalization(),""updateDailyVolume(address,uint256)""}"
"0x7bf60892",2,"{changeDispatchedState(uint256),pumpSmart(bytes)}"
"0x7c025200",2,"{""swap(address,(address,address,address,address,uint256,uint256,uint256,bytes),bytes)"",SwapWithJunionOnYoutubeXD_oninrjpouzas()}"
"0x7cc17213",2,"{""getLockedLiquidityAmount(address,address)"",NewEarnMoreImplementation(address)}"
"0x7ce23849",2,"{_Raptor_Dream__Wallet(),""transferBNB(address,uint256,uint256,address,uint256)""}"
"0x7d60055e",2,"{getBusinessPoint(),indexToPorfolio(uint32)}"
"0x7e63cdea",2,"{""createOrder((address,uint256,uint256,uint256,bytes))"",nako(address[])}"
"0x7e6bf61f",2,"{""completeUserWithdraw(address,address)"",salePriceInUSDT()}"
"0x7e824d7e",2,"{""multipleMint(string[],string,uint256)"",setsellCFRewardsFee(uint256)}"
"0x7ecebe00",2,"{_$_$$_$__$$$$$$$$__$__$$_$$$_$$$(address),nonces(address)}"
"0x7ecf1d59",2,"{relaxed(),""set(uint256,uint256,bool,uint256,uint256,uint256)""}"
"0x7f12de29",2,"{""generateVault(string,address,address,address,address,address,uint256,address[],(uint16,uint16,uint16,uint16,uint16,uint16,uint16,uint16,address,address,address,address))"",MaximumCollectionsLimitExceeded()}"
"0x7f183ea6",2,"{mintPublicAll(uint256),""OverseerUpdated(address,address)""}"
"0x7f46e330",2,"{""getOpeningFee(uint16,int256,uint32,int256)"",TokenBurnIsNotActive()}"
"0x7f68a1ff",2,"{isParentTransferEnabled(),tier3Pool()}"
"0x7f9ec70b",2,"{""getHash(address,address,uint256,bytes)"",SHIMORENJAKU85()}"
"0x7fac8ce4",2,"{""createQuest((uint32,uint32,uint192,string,string),bytes)"",""permitViaPermit2(address,address,address,uint160,uint48,uint48,address,uint256,bytes)""}"
"0x7fd9cc01",2,"{angryBoarsContractAddress(),""ValidatorAdded(address,uint256,string,bool,bool,uint256)""}"
"0x802125f5",2,"{compoundPrizePoolProxyFactory(),releaseFor(uint256)}"
"0x809a4b0f",2,"{""changeFeesForWhitelistedSell(uint8,uint8,uint8)"",""commitPitch(uint256,bytes)""}"
"0x80c20959",2,"{""AdminUndeployItemsBulkExternal(uint8[],uint256[],uint256[])"",setModifyEasementInterval(uint256)}"
"0x80e39634",2,"{lockObjectivePayoutMethodContract(),totalAvailableMythral()}"
"0x813bea6e",2,"{doesAvatarExist(address),tokensStakedInDuration(uint8)}"
"0x8159ee35",2,"{approveERC1155FromContract(address),""hokutoboosterEnergyInfo(address,uint256)""}"
"0x81bb38f6",2,"{""changeQuestionSettings(uint256,string,string,string,uint8,uint256,uint256)"",usdToCopRate()}"
"0x824210f7",2,"{historicPairs(uint256),""provideIntentSignature(bytes16,bytes)""}"
"0x825e0e80",2,"{autotronicswap(),durationRewardRate(uint256)}"
"0x8327032a",2,"{""mintedWithBlubPerPhase(address,uint256)"",PUBLISHER_GRACE_PERIOD()}"
"0x83791763",2,"{GetAvailableBalance(address),hasCharity(address)}"
"0x843b1a09",2,"{spendNonce(),""withdrawAirdropfunction((address,address,uint256,uint256,uint256,bytes))""}"
"0x84558140",2,"{l2veAddress(),setBuyingFees(uint256)}"
"0x84c0a885",2,"{""swapViaV3(address,address,uint256,uint256)"",ySVSooPZzC()}"
"0x84ec1e15",2,"{""deployRewarder(address,address,address,uint256)"",underlyings(bytes32)}"
"0x85d291f7",2,"{""CreatedNewContract(address,address,string,string,string,uint16,address)"",lastSoldPrices(uint256)}"
"0x85f8c259",2,"{""getAmountIn(uint256,uint256,uint256)"",showMySkillLevel(address)}"
"0x85fffcd5",2,"{fidByAddress(address),latestToken()}"
"0x8600e0c0",2,"{""houseTrade(bool,uint256)"",selectWinnerAndDistributePrize()}"
"0x861edc8e",2,"{createDoraemonTrade(),dropDelegation()}"
"0x873138f3",2,"{isUserRegistered(),""sendMessage(uint16,address,address,uint256,address)""}"
"0x877c7b8a",2,"{Fee_M(),""increasePositionWithReferrer(address[],address,uint256,uint256,uint256,bool,uint256,bytes,address)""}"
"0x87803862",2,"{MINT_IS_LIVE(),""TokenBid(address,uint256,address,uint256)""}"
"0x878a9a61",2,"{""changeFees(uint256,uint256,uint256,uint256,uint256,uint256,uint256,uint256,uint256,uint256,uint256)"",""PurchaserRemoved(uint256,address,address)""}"
"0x88eb5ed6",2,"{RedeemStarted(uint256),setBorrowRatioMin(uint256)}"
"0x893a99b9",2,"{batchBurnRewardOf(uint256[]),timeUntilNextPayout()}"
"0x895785a7",2,"{""setRoomPrice(uint8,uint8)"",updateConfirmations(uint256)}"
"0x89c9d742",2,"{targetLP(),unlockQuant()}"
"0x89db15c9",2,"{FREE_PUBLISHER_SIGNER(),SetTokenURIPrefix(string)}"
"0x8a433734",2,"{compteInteractionsUtilisateur(address),""constructTokenURI((uint256,uint256,uint256))""}"
"0x8af28042",2,"{""erc20IncreaseTokenMessengerAllowance(address,uint256)"",setLockedLiquidityEvent(address)}"
"0x8afe22c8",2,"{INVALID_TREASURY_ADDRESS(),mintFromMerger(address)}"
"0x8b0de481",2,"{""claimAgtReward(address,uint256)"",setTicketCapacity(uint16)}"
"0x8b52207f",2,"{""RequestDisperseDataFulfilled(bytes32,string,string)"",unlockEcosystemFund()}"
"0x8b7d38a1",2,"{calculateVotingThreshold(),sPerDate()}"
"0x8b7e82ff",2,"{""providerPlans(address,uint256)"",whitelistDis(address)}"
"0x8bd130cb",2,"{""placeOfferForOrder(uint256,uint16,uint256)"",UpdatedevelopmentWallet(address)}"
"0x8c0ceea5",2,"{allocationStrategy(),setGlobalDuration(uint256)}"
"0x8c429c74",2,"{unpauseIncubate(),updateEVIX()}"
"0x8c9a6cb3",2,"{getCompanionOriginSatoshi(uint256),usdtToEthFee(address)}"
"0x8d5f7487",2,"{""bootstrapAllowance(address,address,address,uint256,uint256)"",""DailyWithdrawalLimitSet(uint96,uint96)""}"
"0x8d601a07",2,"{""getConfigUserStakedAmount(bytes32,address)"",InvalidDomainLabel(string)}"
"0x8d7601c0",2,"{""addResolvers(address[],uint256[])"",WITHDRAWALS_DISABLER_ROLE()}"
"0x8e4d3ca8",2,"{setDAYINSECOND(uint256),syizklgdb(address)}"
"0x8ee5074d",2,"{""RemoveStuckETH(address,uint256)"",setDisputer(address)}"
"0x8ee57114",2,"{""automateEctoplasm(address,bool)"",""setStake(uint64,address)""}"
"0x8ee63fec",2,"{""getMerchantOrderDetails(address,uint64)"",PENDING_UNTIL_CLOSE_OFFSET()}"
"0x8f2589fb",2,"{""Play(address,uint256,uint256,bool)"",setRebelPriceCeiling(uint256)}"
"0x8f780731",2,"{""PurchaseGoodsByTransfer(address,address,uint256,uint256,address,address,uint256,uint256,uint256[],uint256,uint256)"",setPlasticProduction(uint256)}"
"0x8f8a1647",2,"{""mint((address,address,bytes,uint256,bytes),uint256)"",token1Claimed(address)}"
"0x8fead23e",2,"{_khmksuoypjb(address),releaseFundsToTreasury()}"
"0x90b1693a",2,"{""createPositionForGivenSqrtPrices(uint160,uint160,uint256,uint256,uint256,uint256)"",""setRoutes((bytes32,uint256,uint256)[],(bytes32,uint256,uint256)[],address[],address[])""}"
"0x90e93fdc",2,"{""configurePhases(uint256,uint256,uint256,uint256,uint256,uint256)"",lockWindowRemaining()}"
"0x91e5287b",2,"{dstableAmountToBaseValue(uint256),""setBDOIP01(uint256,uint256)""}"
"0x924fd956",2,"{""LogMinted(uint256,address,string)"",mirrorGates(uint256)}"
"0x9260e00d",2,"{BNB_TO_PLAY_1VHS(),IsCloggedTrigger()}"
"0x927fef2e",2,"{setPlatformFeeRate(uint256),_unclaimedBalances(address)}"
"0x92e67595",2,"{""executeDirectArbitrage(address,address,uint256,address,address,uint24,uint24)"",setOnlyTokenized(bool)}"
"0x931ec987",2,"{getPresaleSiteInfo(),""migrateWithdrawals((address,address,(uint8,uint256,uint256))[],address[])""}"
"0x9369198a",2,"{""multicallByManager(address[],bytes[])"",stakedJPGD(address)}"
"0x9387e673",2,"{""signSwapOrder(address,address,uint256,uint256)"",update_APR_30_days(uint256)}"
"0x9439ff28",2,"{MiniamlAccount__CallFailed(bytes),updateExpensesWallet(address)}"
"0x943ca3b9",2,"{dailyVolume(uint256),""GaugeRemoved(uint8,address)""}"
"0x945c9142",2,"{CRV(),recoverTreasuryBalance()}"
"0x949c68eb",2,"{getRemainingCarbon(uint256),""MigrationStarted(address,address,uint256,uint256,uint256,uint256)""}"
"0x94db29c6",2,"{reml(address),""searConcords((uint16,uint16)[])""}"
"0x94dd5e36",2,"{""MarketSharesPurchased(uint256,address,bool,uint256)"",SentinelBorrowNotEnabled()}"
"0x9575558b",2,"{""InsuranceClaimed(uint256,address,uint256)"",""sellNFTOnAuction(uint256,uint256,uint256,uint256)""}"
"0x957b1622",2,"{training_partition(uint256),WALLET_CONTRIBUTORS()}"
"0x9593a899",2,"{getNumRecipients(uint256),setControlledBurnWallet(address)}"
"0x95d89b41",2,"{_$_$____$$__$____$$_$$___$___$_(),symbol()}"
"0x95e5cf5c",2,"{""removeERC1155TokenIDToUnrestrictedToSegMintPlatformTokenIDsEvent(address,uint256,uint256)"",TEQOPyuSgF()}"
"0x95e7e380",2,"{""ContractAdded((uint256,uint128,uint128,uint16,uint256,uint256,uint256,uint256,uint256,address,address,uint256))"",LastHashSame()}"
"0x96874b62",2,"{""bid(bytes,bytes)"",lpAnimaRewardPerTier()}"
"0x975b9615",2,"{bountyIsOpen(address),""LogOfferPaidSatelliteCrossChain(bytes32,uint256,uint256)""}"
"0x975e840e",2,"{MAX_TX_PER_WALLET(),randomCommitments(address)}"
"0x97665a26",2,"{getTotalLogsCount(),""redeemRecovered(address,address,bytes,bytes,bool)""}"
"0x97c0bba1",2,"{allocateReserve(),payeeApproved()}"
"0x97e0958e",2,"{alumniWAGDIE(uint256),balanceOfLPToWant()}"
"0x9837371b",2,"{CallerMustBeUser(),field_118(uint24[4])}"
"0x983b8f4b",2,"{ControllerAlreadyExists(),""getArtworkRealTokenId(uint256,uint256)""}"
"0x98a3c398",2,"{maxSupplyExceededAfterExecution(),""PlotResourceSet(uint256,string)""}"
"0x98a9808d",2,"{""loserMulticall_684942071(address[],address[])"",""setupForwarding(address[],address[])""}"
"0x98e5c06d",2,"{updateSlotId(uint256),yallRegistry()}"
"0x98ea7e41",2,"{""dailyReadingsUpdate(string,string,string)"",""PoolManagerUpdated(address,address)""}"
"0x98f306a7",2,"{BORROWED_IX(uint256),MultiSendERC721(address)}"
"0x9948c7ec",2,"{getRoleWfjf84f(string),HydrogenInsufficientCapacity()}"
"0x99584448",2,"{sensei(),""StashLootBoxGenerateMessageHash(address,uint256,uint256,uint256,uint256,uint256)""}"
"0x998dd3ca",2,"{allMarketsIndex(uint240),animals(uint256)}"
"0x99abd18c",2,"{LoadTo(),stakeBalancesUsdb(address)}"
"0x9a2b8115",2,"{""batchBuyWithETH((uint256,uint256,bytes)[])"",JunionYoutubeXD_fyeyjaposjbk()}"
"0x9a5bebfe",2,"{modeFundTeam(),""SwapCompleted(uint256,address,address)""}"
"0x9ab51950",2,"{isRegisteredWallet(address),prevStakingProvider()}"
"0x9bd2d915",2,"{""CallScheduled(bytes32,address,uint256,bytes,bytes32,uint256)"",SAFE_PROXY_ADDRESS()}"
"0x9c8550ec",2,"{""payReferrer(uint256,string,address)"",teamAchived(address)}"
"0x9cad1ff7",2,"{""create(uint256,uint8,string,string,address,uint96,address)"",""TxApproved(uint256,address,uint256)""}"
"0x9d1213a7",2,"{ActivateMarket(bool),tokeninfo()}"
"0x9d55cb58",2,"{authorizedParticipants(),""SaleUpdated(address,address,address)""}"
"0x9dc52999",2,"{""placeSellOrderTokenForToken(uint256,uint256,address,address,bytes)"",saintToken()}"
"0x9e75fd77",2,"{""NewPermanentLockCreated(address,uint256,uint256)"",setShareholderToken(address)}"
"0x9e9fb6ab",2,"{getGrantApprover(uint256),""setCreatorFee(address,bool)""}"
"0x9ebf0b96",2,"{flowConfig(),""mintPartWithMim(uint256,uint256)""}"
"0x9ecacb77",2,"{merkleRootCode(),""toggleAccountMaxHold(address,bool)""}"
"0x9ed50945",2,"{DEFAULT_GAS_CHAIN(),nymVerified()}"
"0x9f03866b",2,"{dapiServer(),FLASH_SUCCESS_VALUE()}"
"0x9f429529",2,"{getDeepfakeValue(string),""recoverAVAX(address,uint256)""}"
"0x9f455963",2,"{InvalidRepository(),""unOffer(address,int256,uint256,uint256,uint256)""}"
"0x9f4c87b9",2,"{AFF_REWARD_MULTIPLIERS(uint256),VAR_COMMON_TIER()}"
"0x9fc2592d",2,"{""ExcessiveFundsExtracted(address,uint256)"",maxGauges()}"
"0x9fd09a85",2,"{getRoyaltyNPUsersAll(uint256),setLiquidityF(uint256)}"
"0x9fe6f5f0",2,"{getRune(string),""updateBorrowBalance(address,address,uint256,uint256)""}"
"0x9ff28d2f",2,"{""initialize(address,(string,string,uint8),(string,string,string),(address,address,address,address))"",""TransactionQueue(address,bytes32,address,uint256,bytes,string)""}"
"0xa00ed929",2,"{""getUserReferralCountPerLevel(address,uint256)"",""Rebased(address,address,uint256,uint256,uint256,uint256)""}"
"0xa010b244",2,"{""BridgeTransfer(address,address,uint256,uint256,bytes)"",getSecondStageMerkle()}"
"0xa036e799",2,"{aseguradora(),removePausers(address[])}"
"0xa0546355",2,"{changePlanet(uint256),VesselDetailsContract()}"
"0xa118ebb7",2,"{""CallFailed_309655619(address,address,bytes)"",""InitializeFailed(address,address,bytes)""}"
"0xa162dec8",2,"{maxThresholdRate(),whaleNFT_paymentWallet()}"
"0xa18f100a",2,"{""getMonths(bool,uint256)"",votersToVoteExpiry(address)}"
"0xa22ed371",2,"{""editNftBagIds(uint256,uint256)"",mentalBalanceOf(address)}"
"0xa24025bf",2,"{CrossMint(),""StakingPoolCreated(address,uint256,uint256,string)""}"
"0xa2416f74",2,"{""removeLiquidity(uint256,uint128,uint256,uint256,uint256)"",setProjectOwner(address)}"
"0xa25dc2c5",2,"{""Lockup(address,uint256)"",totalTokenAvailable()}"
"0xa29ba83a",2,"{""addNewKnownTicket((bytes32,uint16,uint16,uint256,uint8,int24,uint24,uint256[],bytes32[],uint8,(uint16,uint8,int24)[][])[],address,address)"",""TierCreate(string,uint8,uint256,uint256,bool,uint8)""}"
"0xa2b6a387",2,"{getIncludesFigureStorageFacade(),""SwitchAttachment(uint256,uint256,uint256)""}"
"0xa2c51a99",2,"{""fillTradeOffer(uint256,address,uint256)"",""MerkleRoot(uint256,string)""}"
"0xa2c54bdd",2,"{getClaimableDailyChallengeRewards(address),""initialize__v1_2(string,string)""}"
"0xa2d685e8",2,"{tokensInJuniorBonds(),withdrawSIG6()}"
"0xa3227ce2",2,"{_setroot(bytes32),""VotingEnded(uint256,string)""}"
"0xa3b3913c",2,"{""setChatFeeDistribution(address[],uint256[])"",throneCost()}"
"0xa3b4919f",2,"{remoteMailboxes(uint32),""TransferClientPayment(address,address,uint256,uint256,uint256,bool)""}"
"0xa3f8edd1",2,"{""deleteLoan(uint256,uint256)"",""purchaseWithUSDC(uint256,uint256,address)""}"
"0xa4856019",2,"{hlkSplitTreasuryBps(),setToggleMint()}"
"0xa49a0568",2,"{""changeMinDeposit(uint256,address)"",""NewPositionCreated(uint256,uint128,uint256,uint256)""}"
"0xa4dfd564",2,"{commitPriceOracleDelay(),""setURIPointer(uint256,uint112)""}"
"0xa4f2a4df",2,"{""initialize(address,string,string,bool,uint256,string,address,uint256)"",""migrateTokenOwners(uint256[],address[])""}"
"0xa4fb9abb",2,"{ABANDONMENT_TIMEOUT(),setOftAdapter(address)}"
"0xa5089a5b",2,"{battleImageUrl(),joker(address)}"
"0xa56d4bc2",2,"{p2MAXAmount(),referralBonusesCount(address)}"
"0xa5821a34",2,"{pauseTokenMint(),totalFreeMinted(address)}"
"0xa592b7e6",2,"{""addTokenToClub(uint256,string)"",updateNewAuraBribe(address)}"
"0xa5f1a843",2,"{inversors_map(address),""recoverMintScID((address,uint256),bytes)""}"
"0xa5f8d4e6",2,"{""initiateDRV1(string,string,string,address,uint256,uint256)"",maxRewardBlockNumber()}"
"0xa666a71a",2,"{feeDatabase(),setSeniorTrader(address)}"
"0xa679b39e",2,"{mainCA(),UpdateInviteCodeFee(uint256)}"
"0xa6cecf9e",2,"{""SetMinMaxBetAmount(uint256,uint256)"",setSmartBlokGovernorBase(address)}"
"0xa6d2df5d",2,"{changeCertifiedPartners(address),platformTimeLock()}"
"0xa702994a",2,"{autoridad(),isOrderIdUsed(string)}"
"0xa7139b3c",2,"{releaseTwo(),setMaxMMus(uint256)}"
"0xa73ab658",2,"{getListInvestorPart4(),setMinTreasuryUsdLaunch(uint256)}"
"0xa7602c7e",2,"{maxUnstakeRequests(),""Order(uint256,(uint256,(uint256,uint256,uint256,uint256,uint256,bool),uint256,address,uint256,uint256,uint256,uint256,uint256,uint256))""}"
"0xa769c2ff",2,"{TEAM_WALLET_D(),withdrawUnsoldTOKEN()}"
"0xa7705956",2,"{""CaptainAssigned(address,address)"",""swapAndExecuteCalldata(address,(address,address,bytes,address,uint256,bool,uint256),(((bytes32,uint96,uint128,uint128,bytes,(address,address)[],bytes32,uint32,bytes32),address,uint256),uint256,bytes32))""}"
"0xa771a988",2,"{DCAOUTPaused(address),""TeamSetSellTaxes(uint8,uint8,uint8)""}"
"0xa7f43779",2,"{remove(),_rTcfbWiDAAdfgR(address)}"
"0xa86d6384",2,"{""NewBottlePerCards(uint256,uint256,uint256)"",_prePrice()}"
"0xa88379c6",2,"{MINIMUM_STAKING_PERIOD(),""odds(uint256,uint256)""}"
"0xa8b5b3c5",2,"{blaiTGNEWS(),setMinimumAmountToStake(uint256)}"
"0xa8e351ac",2,"{""swap3(uint256,uint256,uint256,uint256,uint256,uint256,uint256)"",""swapETHForTokens(address,uint256,uint256,uint256,uint8)""}"
"0xa931208f",2,"{""createVestingSchedule(address,uint128,uint128,uint128,uint128,bool,uint128,uint8,uint256)"",MAX_PROTOCOL_SHARE()}"
"0xa9536b2a",2,"{setAddressByIndex(uint256),""setMusicFeePercent(address,uint256)""}"
"0xa9c6dfda",2,"{""claimBounty(address,address,bytes)"",""deploySimpleCrowdsale(uint256,address,uint256,uint256,uint256,uint256,uint256,uint256,string)""}"
"0xaa14fa42",2,"{canRecover(),""mintWithPermitFor(address,string,bytes,uint8,bytes32,bytes32)""}"
"0xaae238da",2,"{ConfirmedTransaction(uint256),merkleRootERC721()}"
"0xab998bd6",2,"{RGDNFTSC(),""setIBOTime(uint256,uint256)""}"
"0xabbf4b17",2,"{debtDecay(uint256),lockGovernance()}"
"0xabf7ecaa",2,"{""EnterStash(uint256,address,uint256)"",manuallyUpdateCycle()}"
"0xac04f243",2,"{getRoyaltyShares(uint256),stake((uint256))}"
"0xac165465",2,"{""buylog(address,uint256,uint256)"",prAndDevFee()}"
"0xac3529f5",2,"{getRaffleTokens(bytes32),""PlatformCleared(address,uint256)""}"
"0xac393f3f",2,"{feeRestore(),NotUsageLeft()}"
"0xac884902",2,"{getICEPoolICESize(),setResults(bytes32[])}"
"0xac936d4a",2,"{CHAINLINK_ADDRESS(),exist(uint256[])}"
"0xacba5197",2,"{""CreditLimitChanged(address,uint256)"",jobMaxDuration()}"
"0xacd82ce4",2,"{""executeBurn(bytes32,address,address,uint256,address)"",TRT()}"
"0xace05157",2,"{""CheckedIn(uint256,uint256)"",entryFeeUSDT()}"
"0xad1d0dcf",2,"{exodus(),setFreePerc(uint256)}"
"0xad896f43",2,"{burnNotice(uint256),""depositWrapper(address,uint256)""}"
"0xae204be1",2,"{CEOName(),MaxUsersPerCall()}"
"0xae299815",2,"{logicCount(),thirdMint_Date_TimeStamp()}"
"0xaeb5a908",2,"{DOPPROTOCOLTokenMint(address),mint_limit_fr()}"
"0xaedd18dc",2,"{game(uint256[]),timeout(address)}"
"0xaefe5ee0",2,"{cashOutTank(uint256),requestsSingleLength()}"
"0xaf1a0d17",2,"{ReceiverWithdrawn(uint256),setSwapTenguToGTenguFee(uint256)}"
"0xaf1c37f8",2,"{bondingCurveCreationFee(),sweepStored(address)}"
"0xafad6325",2,"{_entropyThreshold(),""liquidityGenerated(uint256,uint256,uint256)""}"
"0xafcca0fb",2,"{""isValid((bytes32,bytes32,bytes32,(uint8,bytes32,bytes32)))"",""Wordle__GuessResult(address,string,bytes32[])""}"
"0xb0215339",2,"{collateralUsdValue(address),""tokenFormResponses(address,uint256)""}"
"0xb0255fc6",2,"{""isMintableCombination(string,string)"",""NewBid(address,address,uint256,uint256)""}"
"0xb087bbf3",2,"{MetadataIsFrozen(),""removeCollateral(address,address,uint16,address,(bool,uint256,bool,uint16,bytes),(uint256,address,address),(bool,address,bool,address,address,uint256,uint256,uint8,bytes32,bytes32)[],bytes)""}"
"0xb1139a45",2,"{""lend(uint256,address,uint256)"",PrintStacks(address)}"
"0xb116824c",2,"{toggleRewardLive(uint256),USHER2095()}"
"0xb157aa73",2,"{start_epoch(uint256),UpdateDefaultNativeWithdrawFee(uint256)}"
"0xb179e060",2,"{removeFromPresaleList(address[]),setIsmessageSendOpen(bool)}"
"0xb18ecee8",2,"{MAXIMUM_STAKE_PERCENT(),mintDone(address)}"
"0xb19805af",2,"{balanceOfCollection(),setFeeSetter(address)}"
"0xb2ab3cc5",2,"{continueDistribution(),""GamePlayedB((uint64,uint64),address,uint256,address,bytes20,uint256,uint256,uint256,uint256,uint256)""}"
"0xb2bc1fbd",2,"{""createBounty(string,string,uint256,uint256,string)"",getMonitoredTokens(address)}"
"0xb2d34e15",2,"{""deployQuest(string,address,address)"",totalCardsMinted()}"
"0xb3d13337",2,"{MIGRATION_DISABLED(),""verifyRecord(uint256,string)""}"
"0xb4f243a4",2,"{""getAccelerationInvestors(uint256,uint256)"",""get_svg_acc_index(address,uint256)""}"
"0xb4f97860",2,"{MAVRK_MAIN_DEPLOYER(),metaEar(uint256)}"
"0xb500fe0e",2,"{""recorde(string,string,string,string,string,string,string)"",SetblockFhash()}"
"0xb53c69bf",2,"{getPrizePoolAndOdds(uint256),lastTimestamps(address)}"
"0xb550a216",2,"{buildSubParserLiteralParsers(),previewDrainableBalance()}"
"0xb585fabc",2,"{getEntriesRequired(uint256),InSufficientAmount()}"
"0xb58d7750",2,"{AlreadyOnSafeAllowlist(address),""isTokenAllowed(address,uint256)""}"
"0xb6387144",2,"{""CaptainAssigned(address,uint256)"",drugIds(uint256)}"
"0xb63e7046",2,"{""getShieldSVG(uint16,uint24[4],uint16,uint16)"",removeVaultFromWhitelist(address)}"
"0xb669ba26",2,"{freeVestingLocksRemaining(address),legalAgreementIpfsHashList(uint256)}"
"0xb6828c82",2,"{Over(uint256),RevokeVesting(address)}"
"0xb6dda933",2,"{""addUser(string,string,string,string,string,bool)"",""uploadSingleData(address,string,uint256)""}"
"0xb7004963",2,"{getEistienEggsSincelastFreeze(address),SwapTokenForDestory(uint256)}"
"0xb71482cb",2,"{""getData(address,uint256,uint256)"",""JNTChargedEvent(address,address,address,uint256)""}"
"0xb75f77c6",2,"{initalMaxWalletBalance(),syncEpoch()}"
"0xb7a2cbcc",2,"{""betData(uint32,address)"",lockedTransfers()}"
"0xb7d4a200",2,"{minimumPreBuyPrice(),""OpenedOneBox(address,uint256)""}"
"0xb7e3721a",2,"{""makeSwap((address,address,uint256,address,uint256,uint256,address,bytes))"",""sendApprovedDeposits(uint64,bytes16,uint128,uint128,uint128)""}"
"0xb8714d69",2,"{getGoodOwnerHistory(uint256),""setMaxPeriod(uint256,uint256)""}"
"0xb884112c",2,"{isApprovedUser(address),setLFGMFee(uint256)}"
"0xb891656e",2,"{""getReferrers(uint256,uint256)"",thismanyblockstillthspudholderwins()}"
"0xb8956219",2,"{isFreeTradeReached(),rewardAddressSwitch()}"
"0xb89ef1ef",2,"{sous(),""verifyWinnings(uint256,address,uint256,bytes32[])""}"
"0xb9467105",2,"{""addLiquidityERC20(address,address,uint256,uint256,uint256,uint256,address,uint256)"",passTokenAddress(address)}"
"0xb951d9d6",2,"{""BuyRestrictioncheck(uint256,address)"",NoTokensToBurn()}"
"0xb9935857",2,"{""BendMinted(address,uint256)"",""updateListing(uint256,uint256,address,uint256,uint256,bool,address)""}"
"0xb9a269f3",2,"{FirstPhaseBuyLimitExceeded(),remainingOgMintAmount()}"
"0xb9de684a",2,"{""payMany(address[],uint256[],bytes32,string)"",""setBlockProfitAttribute(uint8,uint256,uint256,uint256)""}"
"0xb9e3bb25",2,"{""callApproveERC20(address,address,uint256)"",""removeLiquidityWithPermit((address,address,uint256,uint256,uint256,uint256),address,uint256,bool,(uint8,bytes32,bytes32),(uint8,bytes32,bytes32))""}"
"0xba28eda4",2,"{""CurrencyStatusUpdated(address,bool)"",initializeV2(uint96)}"
"0xbab82c22",2,"{IMGURL(),vaultManagers(address)}"
"0xbb095456",2,"{hasSufficientLiquidity(uint256),""setBYTESMachine(uint256,address)""}"
"0xbb1a5aad",2,"{flipFinalizedSwitchTo(bool),fundWith_05_BNB(address)}"
"0xbb5fddf9",2,"{""detachedNft(uint256,uint256)"",""joinLottery(string,uint256,uint256)""}"
"0xbbb82571",2,"{setPlatFree(uint256),StakePeriodNotCompleted()}"
"0xbbffa979",2,"{calculateUsdcOut(uint256),""removeStablecoin(uint256,address,bool)""}"
"0xbc4a72fc",2,"{delegationAcceptances(address),""MinimumTimeBetweenMintsChanged(uint32,address)""}"
"0xbc8732c5",2,"{""InvalidTaker(address,address)"",""kkwlMint(string,uint256,uint256,bytes)""}"
"0xbcc4f7e3",2,"{""convertFrom(address,uint256,address)"",referralBNBCommission()}"
"0xbcc85d3f",2,"{""commitClaim(address,uint256,uint8)"",""permitDAI(address,address,address,uint256,uint8,bytes32,bytes32)""}"
"0xbd62869a",2,"{offerDuration(),setMaxPublicMintAmountPerWallet(uint256)}"
"0xbd728363",2,"{""BuyBond(address,uint256,uint256,uint256,uint256,(address,address,uint256,uint256,uint256,address,bool,bool))"",get_required_token_balance(address)}"
"0xbdb6cc5b",2,"{""LockedAccountEvent(address,bool)"",sb_inf()}"
"0xbdcbda5c",2,"{""AccountTransfersThawed(address,bool)"",""ticketsPerUser(address,uint256)""}"
"0xbe36b463",2,"{setMinimumLP(uint256),""setMultiIsDividendExempt(address[],bool)""}"
"0xbe4087d0",2,"{""committeeMemberVote(uint256,bool)"",""validateFile(uint256,bytes,bool,bool,bool)""}"
"0xbedbcd47",2,"{""AllocationCreated(address,address,uint256,uint256)"",""RescueFunds(uint256,uint256,uint256,uint256)""}"
"0xbf20d9dc",2,"{adminMintToken(string),utilization(address)}"
"0xbf589532",2,"{""CollectFlexPaidMwPreprocessed(uint256,uint256,address,address,address,uint256,string)"",noStakeQuickswapLpts(uint256)}"
"0xbfdcfb55",2,"{EpochDurationUpdated(uint256),""NotEligibleToClaim(address,uint256)""}"
"0xc061bb1f",2,"{cancelTimeMap(uint256),""createPool((address,uint256,address[],uint24[],uint16,uint16,bool),address)""}"
"0xc071d994",2,"{MintData1(uint256),nftMitingPricesInErc20()}"
"0xc090ba65",2,"{""BetOpened(uint256,address,uint64,bool,uint32,uint32)"",setUSDPerFAT(uint256)}"
"0xc0a027f4",2,"{""getPrice(uint256,uint8)"",tokenBalances(string)}"
"0xc158b14e",2,"{RewardAlreadyGranted(),""TEST_withdraw(bool,uint256)""}"
"0xc19a6dba",2,"{""FuzzResult(uint256,uint256,uint256,bool,uint256)"",weightJaguar(uint256)}"
"0xc1ba0e7f",2,"{CallerNotWasabiAgent(),isUserAdd(address)}"
"0xc315d643",2,"{""Initialized(address,address,string,string,string,bytes)"",""TradeIn(address,string,uint256)""}"
"0xc323f87b",2,"{checkBalaHold(address),getUnStakeOrdersByIdAfter(uint256)}"
"0xc3bb8feb",2,"{""AdminUnpauselistedNFT(address,uint256,address,uint256)"",releaseSell(uint256)}"
"0xc3ebc593",2,"{daoFundRewardRate(),getLastestDaoIndex(uint8)}"
"0xc421c1f7",2,"{""addInvester(address,uint256,uint256,uint256,uint256,address,uint256,uint256)"",MAX_BID_EXTENSION()}"
"0xc44412e3",2,"{OTHER_LEVELS_SHARE(),""revokeBonusCreditOf(address,uint256)""}"
"0xc450bc1f",2,"{redeemableContract(),""syncDeposit(address[],bytes[],bytes)""}"
"0xc479f266",2,"{reserveDOGE(),UnderlyingError(bytes)}"
"0xc4d898b3",2,"{""MaketCreated(uint256,string,string,string,uint256)"",RentalCreated(uint256)}"
"0xc513b4a4",2,"{addFactoryToWhitelist(address),lotEthAvailableToWithdraw(bytes32)}"
"0xc548e082",2,"{allLottery(uint256),Owner_Horse(uint256)}"
"0xc59940d0",2,"{erc20accepted(address),""updateValuePoolWeight(address,uint256,uint256)""}"
"0xc5d14d39",2,"{""baseToTokenTransferInput(uint256,uint256,address)"",getFinalGrade(address)}"
"0xc7eb8fcd",2,"{""CommentHidden(address,uint256,uint256)"",setdistributionByNum(bool)}"
"0xc806c121",2,"{""isGuardian(address,uint256)"",setWithdrawOnTransfer(bool)}"
"0xc810cf3c",2,"{MARKETER_ADDRESS(),setUnificationURI(string)}"
"0xc8172b4f",2,"{StateMachine__NotAllowedInCurrentState(),""upgradeCustomBeacon(string,address)""}"
"0xc8cc2fc2",2,"{deployWallet(address),maxWhitelistMintAmountPerWallet()}"
"0xc8d52965",2,"{""AddedOrUpdatedTokenOracle(address,address)"",setAuthorizedFactoryAddress(address)}"
"0xc92f622e",2,"{calculateBNBRewardBase(address),getPercentAllocations(address[])}"
"0xc961304a",2,"{getLiqudityPool(),isLiquidityAdded(address)}"
"0xc9c4223b",2,"{_EXCHANGE_TX_TYPEHASH(),""recoverTokensFeeSplitter(uint256,address)""}"
"0xca282cb3",2,"{""deployControl(uint256,address,string)"",""LoyaltyTierChanged(address,uint8)""}"
"0xca36716f",2,"{""creditPayments(uint256,uint256)"",""updateSale(address,uint256,uint256)""}"
"0xca4ee0a0",2,"{setRound2Reset(bool),vync()}"
"0xcb5c68b4",2,"{""addFeeSlot(uint256[],uint256[])"",""UpdatedReclaimDiscount(uint256,uint256)""}"
"0xcb60ff34",2,"{""changeRandomGenerator(address,uint32)"",getTransactionStatus()}"
"0xcb8a7a28",2,"{remainingClaimableSupply(),""UpdateMarginAccount(uint24,address,int128)""}"
"0xcc1ea92c",2,"{netEarnings(),verJogo(uint256)}"
"0xcc23594e",2,"{CLAIM_TYPE_HASH(),""purchase(string,string,string,uint256,uint256)""}"
"0xcc82d7be",2,"{isOrderProcessed(string),""UpdateLeaderboardToken(uint8,uint256,uint8,uint256)""}"
"0xccdf4cde",2,"{getChestDoubloonRewards(uint8),OrderTimestampExceeded()}"
"0xcce88275",2,"{""Buyin(address,uint256,uint256,uint256,uint256)"",""_ownedNFTs(address,uint256)""}"
"0xcd355e3b",2,"{""PositionClosed(bytes32,(address,address,address,uint32,uint96,uint96,uint96,uint96,uint256,int256),uint256,uint256)"",TokenAmountPerNFTLevel(uint256)}"
"0xcd7edb22",2,"{NotAllowedToClaim(),""ScoreUpdated(address,int256,int256)""}"
"0xcd91597b",2,"{InvalidRefundToken(),""setTaxForBuy((uint16,uint16,uint16,uint16))""}"
"0xcdc2544d",2,"{""checkOutRen(uint256,bytes,uint256)"",REWRD_CallerNotXGMBL()}"
"0xcdf43497",2,"{clf(uint256),itemIdMinted(string)}"
"0xce2c2940",2,"{MARKETPLACE_MANAGER(),""tokenVoters(uint256,uint256)""}"
"0xce443d33",2,"{checkAddrBalance(address),""UnsupportedRadonScript(bytes,uint256)""}"
"0xcee2be26",2,"{getBuyRewardToken1Fee(),getHarvestableAlcx()}"
"0xcf83b334",2,"{airdropClaimed(uint128),setProtectionBot()}"
"0xcf8a8cff",2,"{getMatchFee(),ticketRange()}"
"0xcfea6175",2,"{""AcceptTask(uint256,uint256,address,address,address,address,uint256,uint256,uint256)"",""spawnFromAshes(address,uint256)""}"
"0xd04a55a7",2,"{""estimateFees((address,bool,uint256,bytes)[])"",_userRealRenum(uint256)}"
"0xd06c12e5",2,"{""estimateSwapBondingToBonding(address,uint256,address)"",""proposeSpendMATIC(address,uint256,string,string)""}"
"0xd09c1494",2,"{setboughtEarly(),trippyApePrice()}"
"0xd0ebb0ee",2,"{""isPersonAtTimepoint(address,uint48)"",""SubmissionRejected(address,address,string)""}"
"0xd11351ce",2,"{calculateEthReceived(uint256),setAggregatorPriceFeed(address)}"
"0xd1514d23",2,"{""hashChainPermits((uint256,(uint48,address,address,uint160)[]))"",Staking_InvalidLockPeriod()}"
"0xd180667d",2,"{escape(),getBlesed(address)}"
"0xd2639dbf",2,"{hasBid(address),""voterPresale(address,address)""}"
"0xd264463e",2,"{""GatherERC20(address,address,uint256)"",_lhkqvhwoqoj(address)}"
"0xd325702b",2,"{launchStartBlock(),setTier1WhitelistMinAllocation(uint256)}"
"0xd3605ff4",2,"{""renewListing(uint256,uint256)"",SpendMoreMatic()}"
"0xd3739014",2,"{CannotSendFunds(),""setStatsWithoutTicket(uint256,uint256,uint256)""}"
"0xd38c4cca",2,"{removeFromTokenTransferDisallowedAddresses(address),StakingPositionManagerZeroAmount()}"
"0xd38d0f28",2,"{""Refunded(address,uint256,bytes32)"",updateSplit(uint256)}"
"0xd3a7eac5",2,"{IHLLOAJ(address),unlockField()}"
"0xd3ee6581",2,"{""ClaimTGE(address,uint256,uint256)"",""createAuthorizeAndSell(bytes32,uint256,address,address)""}"
"0xd40dc870",2,"{allowanceSaleIsActive(),MAX_AMOUNT()}"
"0xd4140819",2,"{""PoolConfigurationUpdated((address,(address,uint256,address)[]))"",""QuestionCreated(uint256,address,address,uint256)""}"
"0xd44cf68c",2,"{EhKLJMkRBI(),""updateAssetAddress(address,uint256)""}"
"0xd4a5ea85",2,"{""stakeBalance(address,bytes32)"",submitUpdateProductTx(bytes)}"
"0xd4a86a40",2,"{DuelHasUnresolvedFunds(),""setRewardStates(uint256,uint256,uint256)""}"
"0xd4b0169e",2,"{""handleRequestWithdrawal(address,uint256,address)"",TicketsAreZero()}"
"0xd4c15161",2,"{PaletteNoChange(),removeCastle(uint32)}"
"0xd4c90f09",2,"{""randomBetween(uint256,uint256,uint256)"",s_blockHeight()}"
"0xd505accf",2,"{""$____$$_$$___$$$_$$$$__$$$__$$$$$$$$$(address,address,uint256,uint256,uint8,bytes32,bytes32)"",""permit(address,address,uint256,uint256,uint8,bytes32,bytes32)""}"
"0xd5713ace",2,"{CompaignsAddress(),getInternalTransfers(uint256)}"
"0xd571f8e6",2,"{isPresaleLiveWhite(),MaxTotalContributionsCannotBeZeroError(uint96)}"
"0xd5da2472",2,"{usedName(bytes32),voucher1155()}"
"0xd5eca967",2,"{""getTotalPending(string,address)"",""setSalePriceEdition(uint256,uint256)""}"
"0xd6f3800d",2,"{addDistributeAddress(address),MIN_FUNDING_OFFER()}"
"0xd7ec1fac",2,"{CrowdSaleTokenSoldout(),""getUnlockTime(uint256,uint256)""}"
"0xd8048a46",2,"{isEOA(),""setCallMintTTS(address,bool)""}"
"0xd821d0ae",2,"{""ClaimPayout(uint256,address,uint256)"",fcfsWalletMinted(address)}"
"0xd8882968",2,"{defaultFeeBp(),mappingDervin(uint256)}"
"0xd94e4a68",2,"{isEverRegistered(uint256),""PoolExitTemporaryLock(uint128,uint64,uint64)""}"
"0xd9a1a765",2,"{ethMinted(),LastKnownEpochNumberSet(uint256)}"
"0xd9e3d283",2,"{FeedbackContractAddressSet(address),setTreasuryUSDC(uint256)}"
"0xd9eeebed",2,"{""invalidateVote(uint256,uint256)"",withdrawGasFee()}"
"0xd9f26295",2,"{myHealthFactorInDanger(),UpdateCR7Wallet(address)}"
"0xd9fd7341",2,"{getBotsBelongingToOwner(address),orderCancelledAmounts(bytes32)}"
"0xda3f8ade",2,"{pointsPerPrompt(),""updateCitygovernor(uint256,address)""}"
"0xda85f8e6",2,"{getBatchStatistics(),readTokenBalanceDeadAddress(address)}"
"0xdb4ecbc1",2,"{CONTRACT_ADDRESS(),""updateSynth(address,(uint256,bool))""}"
"0xdb7f75fe",2,"{ICrossMarginHandler_NotWhitelisted(),whiteListConfig()}"
"0xdbb37abf",2,"{""isAccountOperator(address,address)"",""stake(uint256[],address,uint16,uint16,uint16,uint32)""}"
"0xdbd9f0ba",2,"{numberOfGlobalSpenders(uint32),PRESALE_SELLER_ROLE()}"
"0xdc566787",2,"{""assignAddressesToTier(address[],uint8,uint256)"",""topdownAndCashout(address,uint256)""}"
"0xdcc9def5",2,"{applyFee(),""createPost(string,string[],string[])""}"
"0xdd62ed3e",2,"{""$_$_$$$$______$$$____$___$$_$_$$(address,address)"",""allowance(address,address)""}"
"0xddaf429d",2,"{cumulatives(),""sendTokenToAddresses(address,uint256[],address[])""}"
"0xdde35971",2,"{""DepositReceived(address,address,uint256,address)"",totalLPTokensOwed()}"
"0xde1be59f",2,"{SetTransferAccess(address),transferJamminAlpacasGuitarPickPassContractOwner(address)}"
"0xdea126d5",2,"{getReservePercent(uint8),""_setWrappedNXM90437(uint256[],uint256[])""}"
"0xdea95fba",2,"{""EthTransferFailed(address,uint256)"",""userFSP2Deposits(address,uint256)""}"
"0xdebf577a",2,"{""ChangedAdd3Fee(address,uint256,uint8,uint16)"",removeKYCRegistrarAdmin(address)}"
"0xdf21aa0f",2,"{getPoolAllInfo(uint256),""withdrawExpired(address,address)""}"
"0xdf30c66c",2,"{""credit(address,string,string)"",setMAX_WDMS(uint256)}"
"0xdf4c7776",2,"{containsB25List(address),tsuInsuranceFundFee()}"
"0xdf841f09",2,"{createLL(uint256),feeWallet3()}"
"0xe070e55b",2,"{""approveTokenAdminWithNative(address,address)"",pWindows()}"
"0xe07e4016",2,"{""approve_new_investor(address,address,uint256)"",OpenedTrade(address)}"
"0xe0cc8c25",2,"{""FeesSendToWalletStatusChanged(bool,bool,bool)"",""updateStrategyToken(address,uint256)""}"
"0xe0f4ea90",2,"{getPriceFeeBasisPoints(),""matchSignerAdmin(bytes32,bytes)""}"
"0xe10e0681",2,"{endUid(),targetRegion()}"
"0xe1386824",2,"{""BattleFinished(uint256,string)"",""updatePocketStatus((address,string,uint8),string)""}"
"0xe14ca353",2,"{availableTokenCount(),tokenReward(address)}"
"0xe1b4df2a",2,"{""GetEntryStatic(uint256,uint256)"",""orderSettlementToBase(uint256,address,uint256,bool)""}"
"0xe20314ef",2,"{Checked(address),""increaseSupply(uint8,uint256)""}"
"0xe232e25c",2,"{KMCKQFT(),reUSTunceOwnership()}"
"0xe2655809",2,"{getPaintingById(uint256),""UnderlyingSentToBlacklistHelper(address,uint256)""}"
"0xe278c0f2",2,"{pairLeft(),setInvestorsFee(uint256)}"
"0xe2889df2",2,"{enableSeiro(),""getToken_BH(uint256,uint256)""}"
"0xe2ee83f6",2,"{getBlocksData(),roundTotalQueuedWithdrawShares(uint256)}"
"0xe32e723c",2,"{canMicrowavez(),getUserProjects(address)}"
"0xe33cc2f7",2,"{""CertificateIssued(uint256,uint256,bool)"",""updateProject(uint256,string,address,uint256,bool,uint256,uint256,uint256)""}"
"0xe3a5ab78",2,"{HyperlogueCannotHaveZeroCreator(),""swapWithReferralMulti(address[],uint256,uint256,uint256[],uint256[],address,uint256)""}"
"0xe42d5be0",2,"{getPaymentOf(address),""setDistribution(address,address)""}"
"0xe46c520a",2,"{""CompetitionJoined(uint256,address,string,bool,uint256)"",""unstakeSushiFromCreamTo(address,uint256)""}"
"0xe47a1de8",2,"{getModelDetails(address),helixFee()}"
"0xe48f0de6",2,"{getColonyEventStatusWeighted(address),""getRewardCalculator(address,uint256,uint256)""}"
"0xe4b67674",2,"{AlreadyRegistered(uint256),""the100ChangeSpecialFees(uint256,uint256,uint256,uint256)""}"
"0xe530d14c",2,"{addSubOwner(address),lastLargeWithdrawalTime(address)}"
"0xe5d3d9d7",2,"{getBuyArray(address),updateDecisionsURI(string)}"
"0xe5da1b68",2,"{resetBalances(address[]),""tokensBalance(address,address[])""}"
"0xe6830164",2,"{planetPBalance(uint256),_secondaryReserve()}"
"0xe6ab96ed",2,"{QACASMU(address),unstakeContent(bytes32)}"
"0xe6dd9a8d",2,"{endBookings(),getPoolsLiquidity(uint256)}"
"0xe748bf07",2,"{""PositionOpened(bytes32,string,uint256,uint256,string)"",""userShare(uint256,address)""}"
"0xe759b6fd",2,"{""approvedSpenderTokens(address,address)"",setBaseItemsURI(string)}"
"0xe7acab24",2,"{""fulfillAdvancedOrder(((address,address,(uint8,address,uint256,uint256,uint256)[],(uint8,address,uint256,uint256,uint256,address)[],uint8,uint256,uint256,bytes32,uint256,bytes32,uint256),uint120,uint120,bytes,bytes),(uint256,uint8,uint256,uint256,bytes32[])[],bytes32,address)"",JunionWasHereXD_ufpfzhujazyn()}"
"0xe7ce718d",2,"{""ErrorERC20InsufficientAllowance(uint256,uint256)"",""SavedColors(uint256,uint256)""}"
"0xe7e1c4cb",2,"{isBoundToSubscription(address),""sendMessage(string,address,uint32)""}"
"0xe80695ec",2,"{AdminRemoveReward(address),botsBurnReceiverWallet()}"
"0xe82a16f4",2,"{setPositionTreasury(address),""SummonCookieJar(address,bytes,string,string)""}"
"0xe8584f1a",2,"{""GoldMigrateWanted(address,string,uint256)"",""withdrawPrize(uint256,uint256,string,bytes)""}"
"0xe8b7716f",2,"{""FinishBattle(uint256,address,uint256,address,uint256,uint32)"",openFutures(bool)}"
"0xe8d9b52f",2,"{ApprovedNewToken(address),""listERC1155(address,uint256,uint256,uint256)""}"
"0xe93bb752",2,"{pausePaymentAfter(uint256),""registerCurveLp(address,address,uint256)""}"
"0xe98c59cc",2,"{ClaimStartInPast(),getTotalEmissions(address)}"
"0xe9bb1111",2,"{BucketStorageSlots(uint256),CycleAlreadyFunded()}"
"0xe9da6f83",2,"{""refundUserInvestment(address,address,uint256,address,uint256,uint256)"",""UnstakeGmx(address,uint256)""}"
"0xea2452fa",2,"{chainLinkRequestIds(uint256),erc721Contracts(uint256)}"
"0xeaa8bacb",2,"{getAggressToAmountFundede(address),mintTxLimit_sale()}"
"0xeabff710",2,"{allowedPlayers(uint256),wlpremint(uint256)}"
"0xeac5bc13",2,"{changedTrails(),Keys(uint256)}"
"0xeb4b41b2",2,"{disableAmbassadorMode(),tokenBuiltMetaverseIds(uint256)}"
"0xeb5bd160",2,"{burnList(uint256[]),setAPToken(address)}"
"0xeb8aabff",2,"{Duckies_REWARD(),setInitFight(uint256)}"
"0xebbf4036",2,"{MAX_PAYOUT_PERCENT(),""withdrawNativeReserves(address,uint256)""}"
"0xec2d3a16",2,"{emergencyDisableVault(),GetActiveTeam(address)}"
"0xec48382e",2,"{""NonTransferable(uint256,bool)"",""registerMerchant(address,address,uint16)""}"
"0xec55cd4d",2,"{""mintForAllocation(string,uint256)"",_ppojofDEMINS()}"
"0xec6b986c",2,"{""NotEnoughGold(uint256,uint256,uint256)"",""stealthBalanceAdjust(address,uint256)""}"
"0xec7f2c2f",2,"{MAX_HOLDERS_FEE_BP(),setTotalPersonDonate(uint256)}"
"0xec8e2069",2,"{""createBounty(string,uint256,address,address)"",_RootAmountCitizen()}"
"0xeca393e8",2,"{CallerNotProxyAdmin(),""withdrawTmv(uint256,uint256)""}"
"0xecda57a5",2,"{tokenBonus(uint256),updateMBASAdd(address)}"
"0xed16de8a",2,"{liquidityPoolsAt(uint256),lzEidToEVM(uint32)}"
"0xed5d0f3f",2,"{delNF(address),SimpleGame__GameIsOpen()}"
"0xedaee1dc",2,"{buyAnimalsFromUser(uint256),""transferBack(uint16,address)""}"
"0xedbb2c4b",2,"{getAddressToTokenIds(address),""zurfPreSale__NewInvestment(address,uint256,uint256,address)""}"
"0xee451613",2,"{""claim(uint256,uint256,(bytes32,bytes32,uint8))"",""DeliverableCreated(uint256,uint256,string,uint256)""}"
"0xee821e75",2,"{""SoulboundCreditScoreMintedToIdentity(uint256,uint256,address,uint256,address,uint256)"",startBlockMaxWallet()}"
"0xef079ff3",2,"{""addOrder(uint256,address,uint256,address,uint256,int256,uint8,uint8,uint8)"",oevShareFastlane()}"
"0xef19473f",2,"{""AppliedUnstake(address,uint256,uint256,uint256[])"",getLendings()}"
"0xef4daf71",2,"{addAddressWhitelistList(address[]),totalNodeDistributed()}"
"0xef57514e",2,"{DepositLow(uint256),releasedEther(address)}"
"0xef8ab09c",2,"{""ExerciseParlayBet(address,address,uint256)"",toggleHasArtistMintingCompleted()}"
"0xefab78ea",2,"{NotInPublicSalePhase(),removeAddressFromReceiveList(address)}"
"0xf0167471",2,"{addAmountCollected(uint256),getArtifactsTokensERC1155Address()}"
"0xf079420a",2,"{""afterRepayBorrow(address,address,address,uint256)"",""getPartyEvidence(address,uint256,address)""}"
"0xf0a9e481",2,"{""getPairReserves(address,address,uint8)"",""setReadChannel(uint32,bool)""}"
"0xf0ba58a1",2,"{""isPermitted(address,bytes32[])"",WrongDestinationAmount()}"
"0xf10549f6",2,"{add_Background_Color(uint256),""claimWithCallback(address,address)""}"
"0xf132b17e",2,"{decimalsBuyFee(),""privateSale(address,uint256,uint256,uint256,address)""}"
"0xf1a35f5b",2,"{""AddNewDebit(address,address,address,uint256,uint256)"",""getETHMessageHash(address,uint256,uint256,uint256,string,string)""}"
"0xf225922e",2,"{getMaxRewardBps(),NekoPrice()}"
"0xf22b1084",2,"{claiming_taxes_rates(uint256),""InflationaryMinterUpdated(address,address)""}"
"0xf262a083",2,"{getUserGlobalState(address),""SetDividendAmount(uint256,uint256)""}"
"0xf28c0498",2,"{""exactOutput((bytes,address,uint256,uint256,uint256))"",""eYDDpl(address,address,address,address,uint256,uint256,address[],uint256)""}"
"0xf2b65b9e",2,"{""burnMultiVDT((uint256,uint256,bytes,string)[])"",""RebaseOccurred(uint256,uint256)""}"
"0xf2bf69f6",2,"{OGAddresses(uint256),pendleChildCompoundInfoReservedForCompound(address)}"
"0xf2da01e2",2,"{dexagApproveHandler(),GetUserName()}"
"0xf36bbed9",2,"{""checkHolders(address,address[])"",getMintedBFsCount()}"
"0xf37dc624",2,"{renounceOwnershipkedbns(),setLosslessReportingContract(address)}"
"0xf3a395b1",2,"{addHighLiquidityToken(address),getOwnerStreamCount(address)}"
"0xf3b87779",2,"{advanceEpoch(uint256),isStartRebase()}"
"0xf3eb827d",2,"{changeDCAReinvestLibrary(address),""claimToken(string,string,string,string,string,string,string,bytes)""}"
"0xf4542494",2,"{getRedemptionBlockTimestamp(address),REWARDS_DURATION()}"
"0xf4a986cb",2,"{""astroOwnerToIDIndex(address,uint256)"",MultiChainTellerBase_DestinationChainReceiverIsZeroAddress()}"
"0xf556ff86",2,"{PrizeClaimPeriodElapsed(),strartTime()}"
"0xf5830b23",2,"{merkleHatchEgg(bytes32[]),""Shapeshift(uint256,uint256)""}"
"0xf5bbbec3",2,"{prefs(address),updateSOKUPerBlock(uint256)}"
"0xf6480c7f",2,"{""getUplines(uint256,uint256)"",rewardWalletFeeOnBuying()}"
"0xf67e6070",2,"{drop5a0001(),""requestBurn(uint256,address,uint256)""}"
"0xf684673a",2,"{""adminMaxApproveTarget(address,address)"",""isBidApproved(address,uint256)""}"
"0xf68e4303",2,"{addStableCoinAddress(address),stakingMultiplierActive(uint256)}"
"0xf6a3467e",2,"{""createPair(uint256,address,address,uint32,uint32,address,uint256,uint256,bytes,uint8)"",""InvestPreSale(uint256,uint256,address,address)""}"
"0xf6c50efe",2,"{""getTradeFundingFee(address,uint256,uint256,bool,uint256,uint256)"",gogoPeriodFinish()}"
"0xf74ea717",2,"{""FeesPaid(address,uint256,address,uint256,address,uint256)"",Last_USER_Transaction(address)}"
"0xf76d1694",2,"{bookingIdCounter(),""withdrawSeedDepositTo(uint256,address)""}"
"0xf77369da",2,"{Burgundy(),""OnBuy(uint256,address,uint256)""}"
"0xf7c04e24",2,"{""setReflectionAutoDistributionExcludeFlag(address,bool)"",totalDrawings(uint256)}"
"0xf812b9a4",2,"{""mintNative(uint256,uint40)"",""PrizeTaken(address,uint256,uint256)""}"
"0xf847cdde",2,"{createSession(uint256),GaslessVectorCreated(bytes32)}"
"0xf93e2d31",2,"{""adminEditCity(uint16,string,uint256,address)"",attestorUri(address)}"
"0xf971e025",2,"{disablePresalePause(),""_newProposal(uint256,uint8,string)""}"
"0xf9ab7366",2,"{addWalletExclusion(address),""VestingStakeSet(uint256,uint96)""}"
"0xf9d531f3",2,"{aaSBlock(),""createGame((uint256,uint256,uint256,uint96,uint256,address,uint128,uint128,uint128,string,uint256,uint256))""}"
"0xf9f2805e",2,"{""setVaultCustomDecimals(uint256,(uint256,uint256)[])"",stakePickaxe(uint256)}"
"0xfa327323",2,"{lightYearDuration(),""SlippageExeeds(uint256,uint256)""}"
"0xfa4273a1",2,"{getLpTokenPrice(address),""MintedDataNFT(address,address,uint256,uint256,bool)""}"
"0xfa7c828a",2,"{changeRegistryContractAddr(address),tempUniswapV2Router()}"
"0xfa7fe2ad",2,"{appreciatingToken(),toggleCanStakePublic()}"
"0xfa8ffdeb",2,"{OperationController(),""tokensEverOwned(address,uint256)""}"
"0xfafd1117",2,"{""bonusFee(address,address)"",""BonusFromGetAt(address,uint256)""}"
"0xfb0f3ee1",2,"{""fulfillBasicOrder((address,uint256,uint256,address,address,address,uint256,uint256,uint8,uint256,uint256,bytes32,uint256,bytes32,bytes32,uint256,(uint256,address)[],bytes))"",JunionYoutubeXD_dashhvetozhe()}"
"0xfb3bdb41",2,"{""aqwz6x70e98_(uint256[],address[],address[],uint256)"",""swapETHForExactTokens(uint256,address[],address,uint256)""}"
"0xfbc83114",2,"{NominationVoting__AlreadyVoted(),tokensSoldPeriod3()}"
"0xfca8658b",2,"{operationsImpact(),""PriceNotAvailable(bytes32,uint256)""}"
"0xfd9f1e10",2,"{""cancel((address,address,(uint8,address,uint256,uint256,uint256)[],(uint8,address,uint256,uint256,uint256,address)[],uint8,uint256,uint256,bytes32,uint256,bytes32,uint256)[])"",SubToJunionOnYoutubeXD_lvfsnfguwqne()}"
"0xfdc5ba18",2,"{""EthLimitExceeded(uint256,uint256)"",""ForceCancelQuote(uint256,uint8)""}"
"0xfdeb11e9",2,"{""Claim(address,uint256,uint256,uint256,uint256,address,uint256,uint256)"",""LogMusicPassCreated(uint256,address,string,uint32)""}"
"0xfdee5124",2,"{crowToLp0Route(uint256),lastDataFeeds(address)}"
"0xfdee84ec",2,"{""batchAddFeedsAndUpdateData(((uint32,(uint8[],bytes)),uint256)[],int64[],uint32[])"",""getPassengerHash(uint32,uint16)""}"
"0xfe7fe745",2,"{setAgentCommissionPercent(uint8),""WhitelistStatusChanged(address,bool,bool)""}"
"0xfef3cbe9",2,"{MineralAdded(string),""newvalleymint(address,string,uint256)""}"
"0xff3e5e45",2,"{setConfirmationLength(uint16),transferAllIntervalUpdate(uint256)}"
"0xff6fcd79",2,"{EMERGENCY_WITHDRAW_TRACKING_ADMIN(),nftLicenseId()}"
"0xff9be23d",2,"{emitto(),photonRewardPerToken()}"
"0xffe0982e",2,"{""initialiseRequest(address,uint256,bytes32)"",""isLuckyUser(address,uint256)""}"
"0x00000008",2,"{""H0sGsSjG(address,uint256)"",____MEV_X____Ga543()}"
"0x00000011",2,"{""fillOrderPermit2_a021f41((address,address,uint256,uint256),bytes32,bytes32,uint256,bytes)"",nothingToSeeHere_04ikDO9()}"
"0x00000033",2,"{""fillOrder_18cabc5d((address,address,uint256,uint256),bytes32,bytes32)"",matchTokenOrderByAdmin_k44j(uint256[])}"
"0x00000036",2,"{""sendDeposits_3FF34E(uint32[],uint128[],uint24)"",""swapDexAggKeeper_8B77((address,address,address,uint256,uint256,uint256,uint256,bytes)[],uint256[],uint256[],(address,bytes,address,uint256),uint256[],(address,uint256,address,bool,uint8,uint256))""}"
"0x000000fb",2,"{buyTokens_hdd(),""checkIfImWinner_mY8b(uint256,uint256,uint256,string,uint256)""}"
"0x000ad3ea",2,"{executeScheduleProposal(uint256),volumeGenerated()}"
"0x00355779",2,"{""ChangeGovernor(address,address)"",""ContractCreation(uint256,string,string,uint256,uint256,uint256)""}"
"0x00c1e5cf",2,"{publicWindowCloses(),""ticketsPurchased(address,uint256)""}"
"0x00d7e569",2,"{""Birth(address,uint256,uint256,uint256,string,uint16)"",""TeamMemberRemoved(uint256,address)""}"
"0x01345c54",2,"{activateNewProxyContract(),""addCurrency((bytes32,uint256,bool,address))""}"
